dataset_row	source_row	spanish_id	spanish_owner	spanish_url	english_id	english_owner	english_url	original_attribution	licence_url
1	1	4986655	cueyayotl	https://tatoeba.org/en/sentences/show/4986655	2877272	CM	https://tatoeba.org/en/sentences/show/2877272	CC-BY 2.0 (France) Attribution: tatoeba.org #2877272 (CM) & #4986655 (cueyayotl)	https://creativecommons.org/licenses/by/2.0/fr/
2	2	4986656	cueyayotl	https://tatoeba.org/en/sentences/show/4986656	2877272	CM	https://tatoeba.org/en/sentences/show/2877272	CC-BY 2.0 (France) Attribution: tatoeba.org #2877272 (CM) & #4986656 (cueyayotl)	https://creativecommons.org/licenses/by/2.0/fr/
3	3	4986657	cueyayotl	https://tatoeba.org/en/sentences/show/4986657	2877272	CM	https://tatoeba.org/en/sentences/show/2877272	CC-BY 2.0 (France) Attribution: tatoeba.org #2877272 (CM) & #4986657 (cueyayotl)	https://creativecommons.org/licenses/by/2.0/fr/
4	4	6586271	arh	https://tatoeba.org/en/sentences/show/6586271	2877272	CM	https://tatoeba.org/en/sentences/show/2877272	CC-BY 2.0 (France) Attribution: tatoeba.org #2877272 (CM) & #6586271 (arh)	https://creativecommons.org/licenses/by/2.0/fr/
5	5	13703671	Seael	https://tatoeba.org/en/sentences/show/13703671	2877272	CM	https://tatoeba.org/en/sentences/show/2877272	CC-BY 2.0 (France) Attribution: tatoeba.org #2877272 (CM) & #13703671 (Seael)	https://creativecommons.org/licenses/by/2.0/fr/
6	6	13703672	Seael	https://tatoeba.org/en/sentences/show/13703672	2877272	CM	https://tatoeba.org/en/sentences/show/2877272	CC-BY 2.0 (France) Attribution: tatoeba.org #2877272 (CM) & #13703672 (Seael)	https://creativecommons.org/licenses/by/2.0/fr/
7	7	13703674	Seael	https://tatoeba.org/en/sentences/show/13703674	2877272	CM	https://tatoeba.org/en/sentences/show/2877272	CC-BY 2.0 (France) Attribution: tatoeba.org #2877272 (CM) & #13703674 (Seael)	https://creativecommons.org/licenses/by/2.0/fr/
8	8	431975	Leono	https://tatoeba.org/en/sentences/show/431975	538123	CM	https://tatoeba.org/en/sentences/show/538123	CC-BY 2.0 (France) Attribution: tatoeba.org #538123 (CM) & #431975 (Leono)	https://creativecommons.org/licenses/by/2.0/fr/
9	9	1685404	Elenitigormiti	https://tatoeba.org/en/sentences/show/1685404	906328	papabear	https://tatoeba.org/en/sentences/show/906328	CC-BY 2.0 (France) Attribution: tatoeba.org #906328 (papabear) & #1685404 (Elenitigormiti)	https://creativecommons.org/licenses/by/2.0/fr/
10	10	5213896	cueyayotl	https://tatoeba.org/en/sentences/show/5213896	906328	papabear	https://tatoeba.org/en/sentences/show/906328	CC-BY 2.0 (France) Attribution: tatoeba.org #906328 (papabear) & #5213896 (cueyayotl)	https://creativecommons.org/licenses/by/2.0/fr/
11	11	6714652	arh	https://tatoeba.org/en/sentences/show/6714652	906328	papabear	https://tatoeba.org/en/sentences/show/906328	CC-BY 2.0 (France) Attribution: tatoeba.org #906328 (papabear) & #6714652 (arh)	https://creativecommons.org/licenses/by/2.0/fr/
12	12	8005613	Seael	https://tatoeba.org/en/sentences/show/8005613	906328	papabear	https://tatoeba.org/en/sentences/show/906328	CC-BY 2.0 (France) Attribution: tatoeba.org #906328 (papabear) & #8005613 (Seael)	https://creativecommons.org/licenses/by/2.0/fr/
13	13	8005615	Seael	https://tatoeba.org/en/sentences/show/8005615	906328	papabear	https://tatoeba.org/en/sentences/show/906328	CC-BY 2.0 (France) Attribution: tatoeba.org #906328 (papabear) & #8005615 (Seael)	https://creativecommons.org/licenses/by/2.0/fr/
14	14	5165639	cueyayotl	https://tatoeba.org/en/sentences/show/5165639	4008918	JSakuragi	https://tatoeba.org/en/sentences/show/4008918	CC-BY 2.0 (France) Attribution: tatoeba.org #4008918 (JSakuragi) & #5165639 (cueyayotl)	https://creativecommons.org/licenses/by/2.0/fr/
15	15	6681472	arh	https://tatoeba.org/en/sentences/show/6681472	4008918	JSakuragi	https://tatoeba.org/en/sentences/show/4008918	CC-BY 2.0 (France) Attribution: tatoeba.org #4008918 (JSakuragi) & #6681472 (arh)	https://creativecommons.org/licenses/by/2.0/fr/
16	16	2122720	Shishir	https://tatoeba.org/en/sentences/show/2122720	2083030	CK	https://tatoeba.org/en/sentences/show/2083030	CC-BY 2.0 (France) Attribution: tatoeba.org #2083030 (CK) & #2122720 (Shishir)	https://creativecommons.org/licenses/by/2.0/fr/
17	17	4726230	cueyayotl	https://tatoeba.org/en/sentences/show/4726230	52027	Zifre	https://tatoeba.org/en/sentences/show/52027	CC-BY 2.0 (France) Attribution: tatoeba.org #52027 (Zifre) & #4726230 (cueyayotl)	https://creativecommons.org/licenses/by/2.0/fr/
18	18	1250863	marcelostockle	https://tatoeba.org/en/sentences/show/1250863	280158	CM	https://tatoeba.org/en/sentences/show/280158	CC-BY 2.0 (France) Attribution: tatoeba.org #280158 (CM) & #1250863 (marcelostockle)	https://creativecommons.org/licenses/by/2.0/fr/
19	19	5102190	cueyayotl	https://tatoeba.org/en/sentences/show/5102190	280158	CM	https://tatoeba.org/en/sentences/show/280158	CC-BY 2.0 (France) Attribution: tatoeba.org #280158 (CM) & #5102190 (cueyayotl)	https://creativecommons.org/licenses/by/2.0/fr/
20	20	11969399	Seael	https://tatoeba.org/en/sentences/show/11969399	280158	CM	https://tatoeba.org/en/sentences/show/280158	CC-BY 2.0 (France) Attribution: tatoeba.org #280158 (CM) & #11969399 (Seael)	https://creativecommons.org/licenses/by/2.0/fr/
21	21	11969401	Seael	https://tatoeba.org/en/sentences/show/11969401	280158	CM	https://tatoeba.org/en/sentences/show/280158	CC-BY 2.0 (France) Attribution: tatoeba.org #280158 (CM) & #11969401 (Seael)	https://creativecommons.org/licenses/by/2.0/fr/
22	22	11969403	Seael	https://tatoeba.org/en/sentences/show/11969403	280158	CM	https://tatoeba.org/en/sentences/show/280158	CC-BY 2.0 (France) Attribution: tatoeba.org #280158 (CM) & #11969403 (Seael)	https://creativecommons.org/licenses/by/2.0/fr/
23	23	1832096	Shishir	https://tatoeba.org/en/sentences/show/1832096	1829639	Spamster	https://tatoeba.org/en/sentences/show/1829639	CC-BY 2.0 (France) Attribution: tatoeba.org #1829639 (Spamster) & #1832096 (Shishir)	https://creativecommons.org/licenses/by/2.0/fr/
24	24	3112459	marcelostockle	https://tatoeba.org/en/sentences/show/3112459	1829639	Spamster	https://tatoeba.org/en/sentences/show/1829639	CC-BY 2.0 (France) Attribution: tatoeba.org #1829639 (Spamster) & #3112459 (marcelostockle)	https://creativecommons.org/licenses/by/2.0/fr/
25	25	3112460	marcelostockle	https://tatoeba.org/en/sentences/show/3112460	1829639	Spamster	https://tatoeba.org/en/sentences/show/1829639	CC-BY 2.0 (France) Attribution: tatoeba.org #1829639 (Spamster) & #3112460 (marcelostockle)	https://creativecommons.org/licenses/by/2.0/fr/
26	26	927374	mrc3306	https://tatoeba.org/en/sentences/show/927374	435084	lukaszpp	https://tatoeba.org/en/sentences/show/435084	CC-BY 2.0 (France) Attribution: tatoeba.org #435084 (lukaszpp) & #927374 (mrc3306)	https://creativecommons.org/licenses/by/2.0/fr/
27	27	1216469	wallebot	https://tatoeba.org/en/sentences/show/1216469	435084	lukaszpp	https://tatoeba.org/en/sentences/show/435084	CC-BY 2.0 (France) Attribution: tatoeba.org #435084 (lukaszpp) & #1216469 (wallebot)	https://creativecommons.org/licenses/by/2.0/fr/
28	28	1343034	marcelostockle	https://tatoeba.org/en/sentences/show/1343034	435084	lukaszpp	https://tatoeba.org/en/sentences/show/435084	CC-BY 2.0 (France) Attribution: tatoeba.org #435084 (lukaszpp) & #1343034 (marcelostockle)	https://creativecommons.org/licenses/by/2.0/fr/
29	29	9434836	ignacio	https://tatoeba.org/en/sentences/show/9434836	8907581	CK	https://tatoeba.org/en/sentences/show/8907581	CC-BY 2.0 (France) Attribution: tatoeba.org #8907581 (CK) & #9434836 (ignacio)	https://creativecommons.org/licenses/by/2.0/fr/
30	30	1503535	marcelostockle	https://tatoeba.org/en/sentences/show/1503535	1102981	jamessilver	https://tatoeba.org/en/sentences/show/1102981	CC-BY 2.0 (France) Attribution: tatoeba.org #1102981 (jamessilver) & #1503535 (marcelostockle)	https://creativecommons.org/licenses/by/2.0/fr/
31	31	607995	arashi_29	https://tatoeba.org/en/sentences/show/607995	631038	Shishir	https://tatoeba.org/en/sentences/show/631038	CC-BY 2.0 (France) Attribution: tatoeba.org #631038 (Shishir) & #607995 (arashi_29)	https://creativecommons.org/licenses/by/2.0/fr/
32	32	6865817	arh	https://tatoeba.org/en/sentences/show/6865817	631038	Shishir	https://tatoeba.org/en/sentences/show/631038	CC-BY 2.0 (France) Attribution: tatoeba.org #631038 (Shishir) & #6865817 (arh)	https://creativecommons.org/licenses/by/2.0/fr/
33	33	9679083	N30HRTGDV	https://tatoeba.org/en/sentences/show/9679083	8907595	CK	https://tatoeba.org/en/sentences/show/8907595	CC-BY 2.0 (France) Attribution: tatoeba.org #8907595 (CK) & #9679083 (N30HRTGDV)	https://creativecommons.org/licenses/by/2.0/fr/
34	34	11969404	Seael	https://tatoeba.org/en/sentences/show/11969404	8907595	CK	https://tatoeba.org/en/sentences/show/8907595	CC-BY 2.0 (France) Attribution: tatoeba.org #8907595 (CK) & #11969404 (Seael)	https://creativecommons.org/licenses/by/2.0/fr/
35	35	11969405	Seael	https://tatoeba.org/en/sentences/show/11969405	8907595	CK	https://tatoeba.org/en/sentences/show/8907595	CC-BY 2.0 (France) Attribution: tatoeba.org #8907595 (CK) & #11969405 (Seael)	https://creativecommons.org/licenses/by/2.0/fr/
36	36	11969406	Seael	https://tatoeba.org/en/sentences/show/11969406	8907595	CK	https://tatoeba.org/en/sentences/show/8907595	CC-BY 2.0 (France) Attribution: tatoeba.org #8907595 (CK) & #11969406 (Seael)	https://creativecommons.org/licenses/by/2.0/fr/
37	37	4347076	saverius	https://tatoeba.org/en/sentences/show/4347076	448320	CM	https://tatoeba.org/en/sentences/show/448320	CC-BY 2.0 (France) Attribution: tatoeba.org #448320 (CM) & #4347076 (saverius)	https://creativecommons.org/licenses/by/2.0/fr/
38	38	5669421	cueyayotl	https://tatoeba.org/en/sentences/show/5669421	448320	CM	https://tatoeba.org/en/sentences/show/448320	CC-BY 2.0 (France) Attribution: tatoeba.org #448320 (CM) & #5669421 (cueyayotl)	https://creativecommons.org/licenses/by/2.0/fr/
39	39	5669422	cueyayotl	https://tatoeba.org/en/sentences/show/5669422	448320	CM	https://tatoeba.org/en/sentences/show/448320	CC-BY 2.0 (France) Attribution: tatoeba.org #448320 (CM) & #5669422 (cueyayotl)	https://creativecommons.org/licenses/by/2.0/fr/
40	40	2122717	Shishir	https://tatoeba.org/en/sentences/show/2122717	1744314	belgavox	https://tatoeba.org/en/sentences/show/1744314	CC-BY 2.0 (France) Attribution: tatoeba.org #1744314 (belgavox) & #2122717 (Shishir)	https://creativecommons.org/licenses/by/2.0/fr/
41	41	5083686	cueyayotl	https://tatoeba.org/en/sentences/show/5083686	1744314	belgavox	https://tatoeba.org/en/sentences/show/1744314	CC-BY 2.0 (France) Attribution: tatoeba.org #1744314 (belgavox) & #5083686 (cueyayotl)	https://creativecommons.org/licenses/by/2.0/fr/
42	42	6990134	cueyayotl	https://tatoeba.org/en/sentences/show/6990134	1744314	belgavox	https://tatoeba.org/en/sentences/show/1744314	CC-BY 2.0 (France) Attribution: tatoeba.org #1744314 (belgavox) & #6990134 (cueyayotl)	https://creativecommons.org/licenses/by/2.0/fr/
43	43	3048255	hayastan	https://tatoeba.org/en/sentences/show/3048255	3048304	camilozeta	https://tatoeba.org/en/sentences/show/3048304	CC-BY 2.0 (France) Attribution: tatoeba.org #3048304 (camilozeta) & #3048255 (hayastan)	https://creativecommons.org/licenses/by/2.0/fr/
44	44	3273993	Shishir	https://tatoeba.org/en/sentences/show/3273993	3048304	camilozeta	https://tatoeba.org/en/sentences/show/3048304	CC-BY 2.0 (France) Attribution: tatoeba.org #3048304 (camilozeta) & #3273993 (Shishir)	https://creativecommons.org/licenses/by/2.0/fr/
45	45	5707786	arh	https://tatoeba.org/en/sentences/show/5707786	3048304	camilozeta	https://tatoeba.org/en/sentences/show/3048304	CC-BY 2.0 (France) Attribution: tatoeba.org #3048304 (camilozeta) & #5707786 (arh)	https://creativecommons.org/licenses/by/2.0/fr/
46	46	5707803	arh	https://tatoeba.org/en/sentences/show/5707803	3048304	camilozeta	https://tatoeba.org/en/sentences/show/3048304	CC-BY 2.0 (France) Attribution: tatoeba.org #3048304 (camilozeta) & #5707803 (arh)	https://creativecommons.org/licenses/by/2.0/fr/
47	47	4520705	Shishir	https://tatoeba.org/en/sentences/show/4520705	6102432	mailohilohi	https://tatoeba.org/en/sentences/show/6102432	CC-BY 2.0 (France) Attribution: tatoeba.org #6102432 (mailohilohi) & #4520705 (Shishir)	https://creativecommons.org/licenses/by/2.0/fr/
48	48	6586289	arh	https://tatoeba.org/en/sentences/show/6586289	6049386	mailohilohi	https://tatoeba.org/en/sentences/show/6049386	CC-BY 2.0 (France) Attribution: tatoeba.org #6049386 (mailohilohi) & #6586289 (arh)	https://creativecommons.org/licenses/by/2.0/fr/
49	49	4940109	Francisco_M	https://tatoeba.org/en/sentences/show/4940109	2230774	CK	https://tatoeba.org/en/sentences/show/2230774	CC-BY 2.0 (France) Attribution: tatoeba.org #2230774 (CK) & #4940109 (Francisco_M)	https://creativecommons.org/licenses/by/2.0/fr/
50	50	4940116	Francisco_M	https://tatoeba.org/en/sentences/show/4940116	2230774	CK	https://tatoeba.org/en/sentences/show/2230774	CC-BY 2.0 (France) Attribution: tatoeba.org #2230774 (CK) & #4940116 (Francisco_M)	https://creativecommons.org/licenses/by/2.0/fr/
51	53	2535	Shishir	https://tatoeba.org/en/sentences/show/2535	1182334	Hideousss	https://tatoeba.org/en/sentences/show/1182334	CC-BY 2.0 (France) Attribution: tatoeba.org #1182334 (Hideousss) & #2535 (Shishir)	https://creativecommons.org/licenses/by/2.0/fr/
52	54	2808483	wallebot	https://tatoeba.org/en/sentences/show/2808483	1182334	Hideousss	https://tatoeba.org/en/sentences/show/1182334	CC-BY 2.0 (France) Attribution: tatoeba.org #1182334 (Hideousss) & #2808483 (wallebot)	https://creativecommons.org/licenses/by/2.0/fr/
53	55	5024608	don_ramon	https://tatoeba.org/en/sentences/show/5024608	1182334	Hideousss	https://tatoeba.org/en/sentences/show/1182334	CC-BY 2.0 (France) Attribution: tatoeba.org #1182334 (Hideousss) & #5024608 (don_ramon)	https://creativecommons.org/licenses/by/2.0/fr/
54	56	8410504	arh	https://tatoeba.org/en/sentences/show/8410504	8397686	CK	https://tatoeba.org/en/sentences/show/8397686	CC-BY 2.0 (France) Attribution: tatoeba.org #8397686 (CK) & #8410504 (arh)	https://creativecommons.org/licenses/by/2.0/fr/
55	57	8410506	arh	https://tatoeba.org/en/sentences/show/8410506	8397686	CK	https://tatoeba.org/en/sentences/show/8397686	CC-BY 2.0 (France) Attribution: tatoeba.org #8397686 (CK) & #8410506 (arh)	https://creativecommons.org/licenses/by/2.0/fr/
56	58	8410532	arh	https://tatoeba.org/en/sentences/show/8410532	8397686	CK	https://tatoeba.org/en/sentences/show/8397686	CC-BY 2.0 (France) Attribution: tatoeba.org #8397686 (CK) & #8410532 (arh)	https://creativecommons.org/licenses/by/2.0/fr/
57	59	8410533	arh	https://tatoeba.org/en/sentences/show/8410533	8397686	CK	https://tatoeba.org/en/sentences/show/8397686	CC-BY 2.0 (France) Attribution: tatoeba.org #8397686 (CK) & #8410533 (arh)	https://creativecommons.org/licenses/by/2.0/fr/
58	60	6682393	arh	https://tatoeba.org/en/sentences/show/6682393	5828607	CK	https://tatoeba.org/en/sentences/show/5828607	CC-BY 2.0 (France) Attribution: tatoeba.org #5828607 (CK) & #6682393 (arh)	https://creativecommons.org/licenses/by/2.0/fr/
59	61	6682394	arh	https://tatoeba.org/en/sentences/show/6682394	5828607	CK	https://tatoeba.org/en/sentences/show/5828607	CC-BY 2.0 (France) Attribution: tatoeba.org #5828607 (CK) & #6682394 (arh)	https://creativecommons.org/licenses/by/2.0/fr/
60	62	1449864	nullsoul9	https://tatoeba.org/en/sentences/show/1449864	20776	CK	https://tatoeba.org/en/sentences/show/20776	CC-BY 2.0 (France) Attribution: tatoeba.org #20776 (CK) & #1449864 (nullsoul9)	https://creativecommons.org/licenses/by/2.0/fr/
61	63	2351590	Shishir	https://tatoeba.org/en/sentences/show/2351590	2005192	CK	https://tatoeba.org/en/sentences/show/2005192	CC-BY 2.0 (France) Attribution: tatoeba.org #2005192 (CK) & #2351590 (Shishir)	https://creativecommons.org/licenses/by/2.0/fr/
62	64	10302850	Seael	https://tatoeba.org/en/sentences/show/10302850	2005192	CK	https://tatoeba.org/en/sentences/show/2005192	CC-BY 2.0 (France) Attribution: tatoeba.org #2005192 (CK) & #10302850 (Seael)	https://creativecommons.org/licenses/by/2.0/fr/
63	65	5056288	don_ramon	https://tatoeba.org/en/sentences/show/5056288	1299275	CK	https://tatoeba.org/en/sentences/show/1299275	CC-BY 2.0 (France) Attribution: tatoeba.org #1299275 (CK) & #5056288 (don_ramon)	https://creativecommons.org/licenses/by/2.0/fr/
64	66	5124533	ecorralest101	https://tatoeba.org/en/sentences/show/5124533	1722133	shanghainese	https://tatoeba.org/en/sentences/show/1722133	CC-BY 2.0 (France) Attribution: tatoeba.org #1722133 (shanghainese) & #5124533 (ecorralest101)	https://creativecommons.org/licenses/by/2.0/fr/
65	67	5130821	ecorralest101	https://tatoeba.org/en/sentences/show/5130821	1722133	shanghainese	https://tatoeba.org/en/sentences/show/1722133	CC-BY 2.0 (France) Attribution: tatoeba.org #1722133 (shanghainese) & #5130821 (ecorralest101)	https://creativecommons.org/licenses/by/2.0/fr/
66	70	3285306	cueyayotl	https://tatoeba.org/en/sentences/show/3285306	7422159	CM	https://tatoeba.org/en/sentences/show/7422159	CC-BY 2.0 (France) Attribution: tatoeba.org #7422159 (CM) & #3285306 (cueyayotl)	https://creativecommons.org/licenses/by/2.0/fr/
67	71	5826584	Duophased	https://tatoeba.org/en/sentences/show/5826584	7422159	CM	https://tatoeba.org/en/sentences/show/7422159	CC-BY 2.0 (France) Attribution: tatoeba.org #7422159 (CM) & #5826584 (Duophased)	https://creativecommons.org/licenses/by/2.0/fr/
68	72	7936886	Seael	https://tatoeba.org/en/sentences/show/7936886	7422159	CM	https://tatoeba.org/en/sentences/show/7422159	CC-BY 2.0 (France) Attribution: tatoeba.org #7422159 (CM) & #7936886 (Seael)	https://creativecommons.org/licenses/by/2.0/fr/
69	73	7936887	Seael	https://tatoeba.org/en/sentences/show/7936887	7422159	CM	https://tatoeba.org/en/sentences/show/7422159	CC-BY 2.0 (France) Attribution: tatoeba.org #7422159 (CM) & #7936887 (Seael)	https://creativecommons.org/licenses/by/2.0/fr/
70	74	7936888	Seael	https://tatoeba.org/en/sentences/show/7936888	7422159	CM	https://tatoeba.org/en/sentences/show/7422159	CC-BY 2.0 (France) Attribution: tatoeba.org #7422159 (CM) & #7936888 (Seael)	https://creativecommons.org/licenses/by/2.0/fr/
71	75	1852302	Shishir	https://tatoeba.org/en/sentences/show/1852302	2764108	CK	https://tatoeba.org/en/sentences/show/2764108	CC-BY 2.0 (France) Attribution: tatoeba.org #2764108 (CK) & #1852302 (Shishir)	https://creativecommons.org/licenses/by/2.0/fr/
72	76	9679084	N30HRTGDV	https://tatoeba.org/en/sentences/show/9679084	9020701	Rawrren	https://tatoeba.org/en/sentences/show/9020701	CC-BY 2.0 (France) Attribution: tatoeba.org #9020701 (Rawrren) & #9679084 (N30HRTGDV)	https://creativecommons.org/licenses/by/2.0/fr/
73	77	4554129	swyter	https://tatoeba.org/en/sentences/show/4554129	1972610	CK	https://tatoeba.org/en/sentences/show/1972610	CC-BY 2.0 (France) Attribution: tatoeba.org #1972610 (CK) & #4554129 (swyter)	https://creativecommons.org/licenses/by/2.0/fr/
74	78	4554130	swyter	https://tatoeba.org/en/sentences/show/4554130	1972610	CK	https://tatoeba.org/en/sentences/show/1972610	CC-BY 2.0 (France) Attribution: tatoeba.org #1972610 (CK) & #4554130 (swyter)	https://creativecommons.org/licenses/by/2.0/fr/
75	79	8005608	Seael	https://tatoeba.org/en/sentences/show/8005608	1972610	CK	https://tatoeba.org/en/sentences/show/1972610	CC-BY 2.0 (France) Attribution: tatoeba.org #1972610 (CK) & #8005608 (Seael)	https://creativecommons.org/licenses/by/2.0/fr/
76	80	8005609	Seael	https://tatoeba.org/en/sentences/show/8005609	1972610	CK	https://tatoeba.org/en/sentences/show/1972610	CC-BY 2.0 (France) Attribution: tatoeba.org #1972610 (CK) & #8005609 (Seael)	https://creativecommons.org/licenses/by/2.0/fr/
77	81	8005610	Seael	https://tatoeba.org/en/sentences/show/8005610	1972610	CK	https://tatoeba.org/en/sentences/show/1972610	CC-BY 2.0 (France) Attribution: tatoeba.org #1972610 (CK) & #8005610 (Seael)	https://creativecommons.org/licenses/by/2.0/fr/
78	82	4577526	cueyayotl	https://tatoeba.org/en/sentences/show/4577526	10016573	ddnktr	https://tatoeba.org/en/sentences/show/10016573	CC-BY 2.0 (France) Attribution: tatoeba.org #10016573 (ddnktr) & #4577526 (cueyayotl)	https://creativecommons.org/licenses/by/2.0/fr/
79	83	6586272	arh	https://tatoeba.org/en/sentences/show/6586272	10016573	ddnktr	https://tatoeba.org/en/sentences/show/10016573	CC-BY 2.0 (France) Attribution: tatoeba.org #10016573 (ddnktr) & #6586272 (arh)	https://creativecommons.org/licenses/by/2.0/fr/
80	84	7965607	Seael	https://tatoeba.org/en/sentences/show/7965607	4768107	garborg	https://tatoeba.org/en/sentences/show/4768107	CC-BY 2.0 (France) Attribution: tatoeba.org #4768107 (garborg) & #7965607 (Seael)	https://creativecommons.org/licenses/by/2.0/fr/
81	85	7965609	Seael	https://tatoeba.org/en/sentences/show/7965609	4768107	garborg	https://tatoeba.org/en/sentences/show/4768107	CC-BY 2.0 (France) Attribution: tatoeba.org #4768107 (garborg) & #7965609 (Seael)	https://creativecommons.org/licenses/by/2.0/fr/
82	86	7965611	Seael	https://tatoeba.org/en/sentences/show/7965611	4768107	garborg	https://tatoeba.org/en/sentences/show/4768107	CC-BY 2.0 (France) Attribution: tatoeba.org #4768107 (garborg) & #7965611 (Seael)	https://creativecommons.org/licenses/by/2.0/fr/
83	87	7965613	Seael	https://tatoeba.org/en/sentences/show/7965613	4768107	garborg	https://tatoeba.org/en/sentences/show/4768107	CC-BY 2.0 (France) Attribution: tatoeba.org #4768107 (garborg) & #7965613 (Seael)	https://creativecommons.org/licenses/by/2.0/fr/
84	88	8252673	MilkFrosties	https://tatoeba.org/en/sentences/show/8252673	6092717	mailohilohi	https://tatoeba.org/en/sentences/show/6092717	CC-BY 2.0 (France) Attribution: tatoeba.org #6092717 (mailohilohi) & #8252673 (MilkFrosties)	https://creativecommons.org/licenses/by/2.0/fr/
85	89	11969473	Seael	https://tatoeba.org/en/sentences/show/11969473	6092717	mailohilohi	https://tatoeba.org/en/sentences/show/6092717	CC-BY 2.0 (France) Attribution: tatoeba.org #6092717 (mailohilohi) & #11969473 (Seael)	https://creativecommons.org/licenses/by/2.0/fr/
86	90	11969474	Seael	https://tatoeba.org/en/sentences/show/11969474	6092717	mailohilohi	https://tatoeba.org/en/sentences/show/6092717	CC-BY 2.0 (France) Attribution: tatoeba.org #6092717 (mailohilohi) & #11969474 (Seael)	https://creativecommons.org/licenses/by/2.0/fr/
87	91	11969475	Seael	https://tatoeba.org/en/sentences/show/11969475	6092717	mailohilohi	https://tatoeba.org/en/sentences/show/6092717	CC-BY 2.0 (France) Attribution: tatoeba.org #6092717 (mailohilohi) & #11969475 (Seael)	https://creativecommons.org/licenses/by/2.0/fr/
88	92	11969476	Seael	https://tatoeba.org/en/sentences/show/11969476	6092717	mailohilohi	https://tatoeba.org/en/sentences/show/6092717	CC-BY 2.0 (France) Attribution: tatoeba.org #6092717 (mailohilohi) & #11969476 (Seael)	https://creativecommons.org/licenses/by/2.0/fr/
89	93	2117468	Shishir	https://tatoeba.org/en/sentences/show/2117468	2160489	Dreamk33	https://tatoeba.org/en/sentences/show/2160489	CC-BY 2.0 (France) Attribution: tatoeba.org #2160489 (Dreamk33) & #2117468 (Shishir)	https://creativecommons.org/licenses/by/2.0/fr/
90	94	4557151	swyter	https://tatoeba.org/en/sentences/show/4557151	2160489	Dreamk33	https://tatoeba.org/en/sentences/show/2160489	CC-BY 2.0 (France) Attribution: tatoeba.org #2160489 (Dreamk33) & #4557151 (swyter)	https://creativecommons.org/licenses/by/2.0/fr/
91	95	5056391	don_ramon	https://tatoeba.org/en/sentences/show/5056391	2160489	Dreamk33	https://tatoeba.org/en/sentences/show/2160489	CC-BY 2.0 (France) Attribution: tatoeba.org #2160489 (Dreamk33) & #5056391 (don_ramon)	https://creativecommons.org/licenses/by/2.0/fr/
92	96	13603957	Seael	https://tatoeba.org/en/sentences/show/13603957	2160489	Dreamk33	https://tatoeba.org/en/sentences/show/2160489	CC-BY 2.0 (France) Attribution: tatoeba.org #2160489 (Dreamk33) & #13603957 (Seael)	https://creativecommons.org/licenses/by/2.0/fr/
93	97	5769212	arh	https://tatoeba.org/en/sentences/show/5769212	896158	pauldhunt	https://tatoeba.org/en/sentences/show/896158	CC-BY 2.0 (France) Attribution: tatoeba.org #896158 (pauldhunt) & #5769212 (arh)	https://creativecommons.org/licenses/by/2.0/fr/
94	98	5165878	cueyayotl	https://tatoeba.org/en/sentences/show/5165878	2230771	CK	https://tatoeba.org/en/sentences/show/2230771	CC-BY 2.0 (France) Attribution: tatoeba.org #2230771 (CK) & #5165878 (cueyayotl)	https://creativecommons.org/licenses/by/2.0/fr/
95	99	8005616	Seael	https://tatoeba.org/en/sentences/show/8005616	2230771	CK	https://tatoeba.org/en/sentences/show/2230771	CC-BY 2.0 (France) Attribution: tatoeba.org #2230771 (CK) & #8005616 (Seael)	https://creativecommons.org/licenses/by/2.0/fr/
96	100	8005617	Seael	https://tatoeba.org/en/sentences/show/8005617	2230771	CK	https://tatoeba.org/en/sentences/show/2230771	CC-BY 2.0 (France) Attribution: tatoeba.org #2230771 (CK) & #8005617 (Seael)	https://creativecommons.org/licenses/by/2.0/fr/
97	101	8005618	Seael	https://tatoeba.org/en/sentences/show/8005618	2230771	CK	https://tatoeba.org/en/sentences/show/2230771	CC-BY 2.0 (France) Attribution: tatoeba.org #2230771 (CK) & #8005618 (Seael)	https://creativecommons.org/licenses/by/2.0/fr/
98	102	8005619	Seael	https://tatoeba.org/en/sentences/show/8005619	2230771	CK	https://tatoeba.org/en/sentences/show/2230771	CC-BY 2.0 (France) Attribution: tatoeba.org #2230771 (CK) & #8005619 (Seael)	https://creativecommons.org/licenses/by/2.0/fr/
99	103	8005621	Seael	https://tatoeba.org/en/sentences/show/8005621	2230771	CK	https://tatoeba.org/en/sentences/show/2230771	CC-BY 2.0 (France) Attribution: tatoeba.org #2230771 (CK) & #8005621 (Seael)	https://creativecommons.org/licenses/by/2.0/fr/
100	104	8005622	Seael	https://tatoeba.org/en/sentences/show/8005622	2230771	CK	https://tatoeba.org/en/sentences/show/2230771	CC-BY 2.0 (France) Attribution: tatoeba.org #2230771 (CK) & #8005622 (Seael)	https://creativecommons.org/licenses/by/2.0/fr/
101	105	8005623	Seael	https://tatoeba.org/en/sentences/show/8005623	2230771	CK	https://tatoeba.org/en/sentences/show/2230771	CC-BY 2.0 (France) Attribution: tatoeba.org #2230771 (CK) & #8005623 (Seael)	https://creativecommons.org/licenses/by/2.0/fr/
102	106	1357534	marcelostockle	https://tatoeba.org/en/sentences/show/1357534	320484	CM	https://tatoeba.org/en/sentences/show/320484	CC-BY 2.0 (France) Attribution: tatoeba.org #320484 (CM) & #1357534 (marcelostockle)	https://creativecommons.org/licenses/by/2.0/fr/
103	107	536562	Shishir	https://tatoeba.org/en/sentences/show/536562	455353	CM	https://tatoeba.org/en/sentences/show/455353	CC-BY 2.0 (France) Attribution: tatoeba.org #455353 (CM) & #536562 (Shishir)	https://creativecommons.org/licenses/by/2.0/fr/
104	108	989540	hayastan	https://tatoeba.org/en/sentences/show/989540	455353	CM	https://tatoeba.org/en/sentences/show/455353	CC-BY 2.0 (France) Attribution: tatoeba.org #455353 (CM) & #989540 (hayastan)	https://creativecommons.org/licenses/by/2.0/fr/
105	109	1426322	marcelostockle	https://tatoeba.org/en/sentences/show/1426322	672229	CK	https://tatoeba.org/en/sentences/show/672229	CC-BY 2.0 (France) Attribution: tatoeba.org #672229 (CK) & #1426322 (marcelostockle)	https://creativecommons.org/licenses/by/2.0/fr/
106	110	5165642	cueyayotl	https://tatoeba.org/en/sentences/show/5165642	672229	CK	https://tatoeba.org/en/sentences/show/672229	CC-BY 2.0 (France) Attribution: tatoeba.org #672229 (CK) & #5165642 (cueyayotl)	https://creativecommons.org/licenses/by/2.0/fr/
107	111	1336569	marcelostockle	https://tatoeba.org/en/sentences/show/1336569	1111548	Scott	https://tatoeba.org/en/sentences/show/1111548	CC-BY 2.0 (France) Attribution: tatoeba.org #1111548 (Scott) & #1336569 (marcelostockle)	https://creativecommons.org/licenses/by/2.0/fr/
108	112	5769213	arh	https://tatoeba.org/en/sentences/show/5769213	1852504	CK	https://tatoeba.org/en/sentences/show/1852504	CC-BY 2.0 (France) Attribution: tatoeba.org #1852504 (CK) & #5769213 (arh)	https://creativecommons.org/licenses/by/2.0/fr/
109	113	8410507	arh	https://tatoeba.org/en/sentences/show/8410507	8397687	CK	https://tatoeba.org/en/sentences/show/8397687	CC-BY 2.0 (France) Attribution: tatoeba.org #8397687 (CK) & #8410507 (arh)	https://creativecommons.org/licenses/by/2.0/fr/
110	114	5559530	ecorralest101	https://tatoeba.org/en/sentences/show/5559530	3824714	CK	https://tatoeba.org/en/sentences/show/3824714	CC-BY 2.0 (France) Attribution: tatoeba.org #3824714 (CK) & #5559530 (ecorralest101)	https://creativecommons.org/licenses/by/2.0/fr/
111	115	8410508	arh	https://tatoeba.org/en/sentences/show/8410508	8397688	CK	https://tatoeba.org/en/sentences/show/8397688	CC-BY 2.0 (France) Attribution: tatoeba.org #8397688 (CK) & #8410508 (arh)	https://creativecommons.org/licenses/by/2.0/fr/
112	116	8410509	arh	https://tatoeba.org/en/sentences/show/8410509	8397688	CK	https://tatoeba.org/en/sentences/show/8397688	CC-BY 2.0 (France) Attribution: tatoeba.org #8397688 (CK) & #8410509 (arh)	https://creativecommons.org/licenses/by/2.0/fr/
113	117	8410534	arh	https://tatoeba.org/en/sentences/show/8410534	8397688	CK	https://tatoeba.org/en/sentences/show/8397688	CC-BY 2.0 (France) Attribution: tatoeba.org #8397688 (CK) & #8410534 (arh)	https://creativecommons.org/licenses/by/2.0/fr/
114	118	8410535	arh	https://tatoeba.org/en/sentences/show/8410535	8397688	CK	https://tatoeba.org/en/sentences/show/8397688	CC-BY 2.0 (France) Attribution: tatoeba.org #8397688 (CK) & #8410535 (arh)	https://creativecommons.org/licenses/by/2.0/fr/
115	119	1672856	Shishir	https://tatoeba.org/en/sentences/show/1672856	319990	CK	https://tatoeba.org/en/sentences/show/319990	CC-BY 2.0 (France) Attribution: tatoeba.org #319990 (CK) & #1672856 (Shishir)	https://creativecommons.org/licenses/by/2.0/fr/
116	120	10111767	Seael	https://tatoeba.org/en/sentences/show/10111767	319990	CK	https://tatoeba.org/en/sentences/show/319990	CC-BY 2.0 (France) Attribution: tatoeba.org #319990 (CK) & #10111767 (Seael)	https://creativecommons.org/licenses/by/2.0/fr/
117	121	630772	Leono	https://tatoeba.org/en/sentences/show/630772	2307509	erikspen	https://tatoeba.org/en/sentences/show/2307509	CC-BY 2.0 (France) Attribution: tatoeba.org #2307509 (erikspen) & #630772 (Leono)	https://creativecommons.org/licenses/by/2.0/fr/
118	122	3935240	gianich73	https://tatoeba.org/en/sentences/show/3935240	3935374	gianich73	https://tatoeba.org/en/sentences/show/3935374	CC-BY 2.0 (France) Attribution: tatoeba.org #3935374 (gianich73) & #3935240 (gianich73)	https://creativecommons.org/licenses/by/2.0/fr/
119	123	4526799	cueyayotl	https://tatoeba.org/en/sentences/show/4526799	1755073	Eldad	https://tatoeba.org/en/sentences/show/1755073	CC-BY 2.0 (France) Attribution: tatoeba.org #1755073 (Eldad) & #4526799 (cueyayotl)	https://creativecommons.org/licenses/by/2.0/fr/
120	124	9423052	ignacio	https://tatoeba.org/en/sentences/show/9423052	5828610	CK	https://tatoeba.org/en/sentences/show/5828610	CC-BY 2.0 (France) Attribution: tatoeba.org #5828610 (CK) & #9423052 (ignacio)	https://creativecommons.org/licenses/by/2.0/fr/
121	125	731631	Shishir	https://tatoeba.org/en/sentences/show/731631	731636	Eldad	https://tatoeba.org/en/sentences/show/731636	CC-BY 2.0 (France) Attribution: tatoeba.org #731636 (Eldad) & #731631 (Shishir)	https://creativecommons.org/licenses/by/2.0/fr/
122	126	4314875	pchamorro	https://tatoeba.org/en/sentences/show/4314875	731636	Eldad	https://tatoeba.org/en/sentences/show/731636	CC-BY 2.0 (France) Attribution: tatoeba.org #731636 (Eldad) & #4314875 (pchamorro)	https://creativecommons.org/licenses/by/2.0/fr/
123	127	7578166	arh	https://tatoeba.org/en/sentences/show/7578166	731636	Eldad	https://tatoeba.org/en/sentences/show/731636	CC-BY 2.0 (France) Attribution: tatoeba.org #731636 (Eldad) & #7578166 (arh)	https://creativecommons.org/licenses/by/2.0/fr/
124	128	5016766	don_ramon	https://tatoeba.org/en/sentences/show/5016766	7290637	shekitten	https://tatoeba.org/en/sentences/show/7290637	CC-BY 2.0 (France) Attribution: tatoeba.org #7290637 (shekitten) & #5016766 (don_ramon)	https://creativecommons.org/licenses/by/2.0/fr/
125	129	8410510	arh	https://tatoeba.org/en/sentences/show/8410510	8397690	CK	https://tatoeba.org/en/sentences/show/8397690	CC-BY 2.0 (France) Attribution: tatoeba.org #8397690 (CK) & #8410510 (arh)	https://creativecommons.org/licenses/by/2.0/fr/
126	130	8410511	arh	https://tatoeba.org/en/sentences/show/8410511	8397690	CK	https://tatoeba.org/en/sentences/show/8397690	CC-BY 2.0 (France) Attribution: tatoeba.org #8397690 (CK) & #8410511 (arh)	https://creativecommons.org/licenses/by/2.0/fr/
127	131	2150085	hayastan	https://tatoeba.org/en/sentences/show/2150085	1581080	olgalu	https://tatoeba.org/en/sentences/show/1581080	CC-BY 2.0 (France) Attribution: tatoeba.org #1581080 (olgalu) & #2150085 (hayastan)	https://creativecommons.org/licenses/by/2.0/fr/
128	132	5769211	arh	https://tatoeba.org/en/sentences/show/5769211	442400	sacredceltic	https://tatoeba.org/en/sentences/show/442400	CC-BY 2.0 (France) Attribution: tatoeba.org #442400 (sacredceltic) & #5769211 (arh)	https://creativecommons.org/licenses/by/2.0/fr/
129	133	5769214	arh	https://tatoeba.org/en/sentences/show/5769214	2765357	arnxy20	https://tatoeba.org/en/sentences/show/2765357	CC-BY 2.0 (France) Attribution: tatoeba.org #2765357 (arnxy20) & #5769214 (arh)	https://creativecommons.org/licenses/by/2.0/fr/
130	134	8252672	MilkFrosties	https://tatoeba.org/en/sentences/show/8252672	6092716	mailohilohi	https://tatoeba.org/en/sentences/show/6092716	CC-BY 2.0 (France) Attribution: tatoeba.org #6092716 (mailohilohi) & #8252672 (MilkFrosties)	https://creativecommons.org/licenses/by/2.0/fr/
131	135	10111182	manufrutos	https://tatoeba.org/en/sentences/show/10111182	6092716	mailohilohi	https://tatoeba.org/en/sentences/show/6092716	CC-BY 2.0 (France) Attribution: tatoeba.org #6092716 (mailohilohi) & #10111182 (manufrutos)	https://creativecommons.org/licenses/by/2.0/fr/
132	136	10195655	Shishir	https://tatoeba.org/en/sentences/show/10195655	6092716	mailohilohi	https://tatoeba.org/en/sentences/show/6092716	CC-BY 2.0 (France) Attribution: tatoeba.org #6092716 (mailohilohi) & #10195655 (Shishir)	https://creativecommons.org/licenses/by/2.0/fr/
133	137	11969417	Seael	https://tatoeba.org/en/sentences/show/11969417	6092716	mailohilohi	https://tatoeba.org/en/sentences/show/6092716	CC-BY 2.0 (France) Attribution: tatoeba.org #6092716 (mailohilohi) & #11969417 (Seael)	https://creativecommons.org/licenses/by/2.0/fr/
134	138	11969418	Seael	https://tatoeba.org/en/sentences/show/11969418	6092716	mailohilohi	https://tatoeba.org/en/sentences/show/6092716	CC-BY 2.0 (France) Attribution: tatoeba.org #6092716 (mailohilohi) & #11969418 (Seael)	https://creativecommons.org/licenses/by/2.0/fr/
135	139	2850907	cueyayotl	https://tatoeba.org/en/sentences/show/2850907	1913088	CK	https://tatoeba.org/en/sentences/show/1913088	CC-BY 2.0 (France) Attribution: tatoeba.org #1913088 (CK) & #2850907 (cueyayotl)	https://creativecommons.org/licenses/by/2.0/fr/
136	140	2850908	cueyayotl	https://tatoeba.org/en/sentences/show/2850908	1913088	CK	https://tatoeba.org/en/sentences/show/1913088	CC-BY 2.0 (France) Attribution: tatoeba.org #1913088 (CK) & #2850908 (cueyayotl)	https://creativecommons.org/licenses/by/2.0/fr/
137	141	2850911	cueyayotl	https://tatoeba.org/en/sentences/show/2850911	1913088	CK	https://tatoeba.org/en/sentences/show/1913088	CC-BY 2.0 (France) Attribution: tatoeba.org #1913088 (CK) & #2850911 (cueyayotl)	https://creativecommons.org/licenses/by/2.0/fr/
138	142	2704	Shishir	https://tatoeba.org/en/sentences/show/2704	2175	CM	https://tatoeba.org/en/sentences/show/2175	CC-BY 2.0 (France) Attribution: tatoeba.org #2175 (CM) & #2704 (Shishir)	https://creativecommons.org/licenses/by/2.0/fr/
139	143	545574	Shishir	https://tatoeba.org/en/sentences/show/545574	2175	CM	https://tatoeba.org/en/sentences/show/2175	CC-BY 2.0 (France) Attribution: tatoeba.org #2175 (CM) & #545574 (Shishir)	https://creativecommons.org/licenses/by/2.0/fr/
140	144	728909	Shishir	https://tatoeba.org/en/sentences/show/728909	2175	CM	https://tatoeba.org/en/sentences/show/2175	CC-BY 2.0 (France) Attribution: tatoeba.org #2175 (CM) & #728909 (Shishir)	https://creativecommons.org/licenses/by/2.0/fr/
141	145	1192105	marcelostockle	https://tatoeba.org/en/sentences/show/1192105	2175	CM	https://tatoeba.org/en/sentences/show/2175	CC-BY 2.0 (France) Attribution: tatoeba.org #2175 (CM) & #1192105 (marcelostockle)	https://creativecommons.org/licenses/by/2.0/fr/
142	146	1686530	Shishir	https://tatoeba.org/en/sentences/show/1686530	2175	CM	https://tatoeba.org/en/sentences/show/2175	CC-BY 2.0 (France) Attribution: tatoeba.org #2175 (CM) & #1686530 (Shishir)	https://creativecommons.org/licenses/by/2.0/fr/
143	147	1686532	Shishir	https://tatoeba.org/en/sentences/show/1686532	2175	CM	https://tatoeba.org/en/sentences/show/2175	CC-BY 2.0 (France) Attribution: tatoeba.org #2175 (CM) & #1686532 (Shishir)	https://creativecommons.org/licenses/by/2.0/fr/
144	148	3792208	cueyayotl	https://tatoeba.org/en/sentences/show/3792208	2175	CM	https://tatoeba.org/en/sentences/show/2175	CC-BY 2.0 (France) Attribution: tatoeba.org #2175 (CM) & #3792208 (cueyayotl)	https://creativecommons.org/licenses/by/2.0/fr/
145	149	3843189	cueyayotl	https://tatoeba.org/en/sentences/show/3843189	2175	CM	https://tatoeba.org/en/sentences/show/2175	CC-BY 2.0 (France) Attribution: tatoeba.org #2175 (CM) & #3843189 (cueyayotl)	https://creativecommons.org/licenses/by/2.0/fr/
146	150	3843192	cueyayotl	https://tatoeba.org/en/sentences/show/3843192	2175	CM	https://tatoeba.org/en/sentences/show/2175	CC-BY 2.0 (France) Attribution: tatoeba.org #2175 (CM) & #3843192 (cueyayotl)	https://creativecommons.org/licenses/by/2.0/fr/
147	151	5124593	don_ramon	https://tatoeba.org/en/sentences/show/5124593	2175	CM	https://tatoeba.org/en/sentences/show/2175	CC-BY 2.0 (France) Attribution: tatoeba.org #2175 (CM) & #5124593 (don_ramon)	https://creativecommons.org/licenses/by/2.0/fr/
148	152	344138	tatoerique	https://tatoeba.org/en/sentences/show/344138	373216	kotobaboke	https://tatoeba.org/en/sentences/show/373216	CC-BY 2.0 (France) Attribution: tatoeba.org #373216 (kotobaboke) & #344138 (tatoerique)	https://creativecommons.org/licenses/by/2.0/fr/
149	153	5018755	don_ramon	https://tatoeba.org/en/sentences/show/5018755	373216	kotobaboke	https://tatoeba.org/en/sentences/show/373216	CC-BY 2.0 (France) Attribution: tatoeba.org #373216 (kotobaboke) & #5018755 (don_ramon)	https://creativecommons.org/licenses/by/2.0/fr/
150	154	382058	hayastan	https://tatoeba.org/en/sentences/show/382058	448645	CK	https://tatoeba.org/en/sentences/show/448645	CC-BY 2.0 (France) Attribution: tatoeba.org #448645 (CK) & #382058 (hayastan)	https://creativecommons.org/licenses/by/2.0/fr/
151	156	3594305	carenas	https://tatoeba.org/en/sentences/show/3594305	2057650	nava	https://tatoeba.org/en/sentences/show/2057650	CC-BY 2.0 (France) Attribution: tatoeba.org #2057650 (nava) & #3594305 (carenas)	https://creativecommons.org/licenses/by/2.0/fr/
152	157	4748670	ecorralest101	https://tatoeba.org/en/sentences/show/4748670	4756252	cairnhead	https://tatoeba.org/en/sentences/show/4756252	CC-BY 2.0 (France) Attribution: tatoeba.org #4756252 (cairnhead) & #4748670 (ecorralest101)	https://creativecommons.org/licenses/by/2.0/fr/
153	158	10009151	swyter	https://tatoeba.org/en/sentences/show/10009151	9142049	acell	https://tatoeba.org/en/sentences/show/9142049	CC-BY 2.0 (France) Attribution: tatoeba.org #9142049 (acell) & #10009151 (swyter)	https://creativecommons.org/licenses/by/2.0/fr/
154	159	9443845	ignacio	https://tatoeba.org/en/sentences/show/9443845	5401685	sarefo	https://tatoeba.org/en/sentences/show/5401685	CC-BY 2.0 (France) Attribution: tatoeba.org #5401685 (sarefo) & #9443845 (ignacio)	https://creativecommons.org/licenses/by/2.0/fr/
155	160	5769210	arh	https://tatoeba.org/en/sentences/show/5769210	247763	CK	https://tatoeba.org/en/sentences/show/247763	CC-BY 2.0 (France) Attribution: tatoeba.org #247763 (CK) & #5769210 (arh)	https://creativecommons.org/licenses/by/2.0/fr/
156	161	5047998	don_ramon	https://tatoeba.org/en/sentences/show/5047998	2107675	CK	https://tatoeba.org/en/sentences/show/2107675	CC-BY 2.0 (France) Attribution: tatoeba.org #2107675 (CK) & #5047998 (don_ramon)	https://creativecommons.org/licenses/by/2.0/fr/
157	162	720463	Shishir	https://tatoeba.org/en/sentences/show/720463	24958	CK	https://tatoeba.org/en/sentences/show/24958	CC-BY 2.0 (France) Attribution: tatoeba.org #24958 (CK) & #720463 (Shishir)	https://creativecommons.org/licenses/by/2.0/fr/
158	163	1998766	Shishir	https://tatoeba.org/en/sentences/show/1998766	1954263	CK	https://tatoeba.org/en/sentences/show/1954263	CC-BY 2.0 (France) Attribution: tatoeba.org #1954263 (CK) & #1998766 (Shishir)	https://creativecommons.org/licenses/by/2.0/fr/
159	164	5669432	arh	https://tatoeba.org/en/sentences/show/5669432	3919925	CH	https://tatoeba.org/en/sentences/show/3919925	CC-BY 2.0 (France) Attribution: tatoeba.org #3919925 (CH) & #5669432 (arh)	https://creativecommons.org/licenses/by/2.0/fr/
160	166	5769225	arh	https://tatoeba.org/en/sentences/show/5769225	1916317	CK	https://tatoeba.org/en/sentences/show/1916317	CC-BY 2.0 (France) Attribution: tatoeba.org #1916317 (CK) & #5769225 (arh)	https://creativecommons.org/licenses/by/2.0/fr/
161	167	5769222	arh	https://tatoeba.org/en/sentences/show/5769222	1860752	CK	https://tatoeba.org/en/sentences/show/1860752	CC-BY 2.0 (France) Attribution: tatoeba.org #1860752 (CK) & #5769222 (arh)	https://creativecommons.org/licenses/by/2.0/fr/
162	168	5707785	arh	https://tatoeba.org/en/sentences/show/5707785	1916316	CK	https://tatoeba.org/en/sentences/show/1916316	CC-BY 2.0 (France) Attribution: tatoeba.org #1916316 (CK) & #5707785 (arh)	https://creativecommons.org/licenses/by/2.0/fr/
163	169	7842061	arh	https://tatoeba.org/en/sentences/show/7842061	7932304	Seael	https://tatoeba.org/en/sentences/show/7932304	CC-BY 2.0 (France) Attribution: tatoeba.org #7932304 (Seael) & #7842061 (arh)	https://creativecommons.org/licenses/by/2.0/fr/
164	170	7932307	Seael	https://tatoeba.org/en/sentences/show/7932307	7932304	Seael	https://tatoeba.org/en/sentences/show/7932304	CC-BY 2.0 (France) Attribution: tatoeba.org #7932304 (Seael) & #7932307 (Seael)	https://creativecommons.org/licenses/by/2.0/fr/
165	171	7932308	Seael	https://tatoeba.org/en/sentences/show/7932308	7932304	Seael	https://tatoeba.org/en/sentences/show/7932304	CC-BY 2.0 (France) Attribution: tatoeba.org #7932304 (Seael) & #7932308 (Seael)	https://creativecommons.org/licenses/by/2.0/fr/
166	172	7932309	Seael	https://tatoeba.org/en/sentences/show/7932309	7932304	Seael	https://tatoeba.org/en/sentences/show/7932304	CC-BY 2.0 (France) Attribution: tatoeba.org #7932304 (Seael) & #7932309 (Seael)	https://creativecommons.org/licenses/by/2.0/fr/
167	173	7932310	Seael	https://tatoeba.org/en/sentences/show/7932310	7932304	Seael	https://tatoeba.org/en/sentences/show/7932304	CC-BY 2.0 (France) Attribution: tatoeba.org #7932304 (Seael) & #7932310 (Seael)	https://creativecommons.org/licenses/by/2.0/fr/
168	174	7932311	Seael	https://tatoeba.org/en/sentences/show/7932311	7932304	Seael	https://tatoeba.org/en/sentences/show/7932304	CC-BY 2.0 (France) Attribution: tatoeba.org #7932304 (Seael) & #7932311 (Seael)	https://creativecommons.org/licenses/by/2.0/fr/
169	175	7932313	Seael	https://tatoeba.org/en/sentences/show/7932313	7932304	Seael	https://tatoeba.org/en/sentences/show/7932304	CC-BY 2.0 (France) Attribution: tatoeba.org #7932304 (Seael) & #7932313 (Seael)	https://creativecommons.org/licenses/by/2.0/fr/
170	176	7932315	Seael	https://tatoeba.org/en/sentences/show/7932315	7932304	Seael	https://tatoeba.org/en/sentences/show/7932304	CC-BY 2.0 (France) Attribution: tatoeba.org #7932304 (Seael) & #7932315 (Seael)	https://creativecommons.org/licenses/by/2.0/fr/
171	177	2092229	hayastan	https://tatoeba.org/en/sentences/show/2092229	1916315	CK	https://tatoeba.org/en/sentences/show/1916315	CC-BY 2.0 (France) Attribution: tatoeba.org #1916315 (CK) & #2092229 (hayastan)	https://creativecommons.org/licenses/by/2.0/fr/
172	178	4131994	Leono	https://tatoeba.org/en/sentences/show/4131994	1916315	CK	https://tatoeba.org/en/sentences/show/1916315	CC-BY 2.0 (France) Attribution: tatoeba.org #1916315 (CK) & #4131994 (Leono)	https://creativecommons.org/licenses/by/2.0/fr/
173	179	13454057	Seael	https://tatoeba.org/en/sentences/show/13454057	1916315	CK	https://tatoeba.org/en/sentences/show/1916315	CC-BY 2.0 (France) Attribution: tatoeba.org #1916315 (CK) & #13454057 (Seael)	https://creativecommons.org/licenses/by/2.0/fr/
174	180	13454058	Seael	https://tatoeba.org/en/sentences/show/13454058	1916315	CK	https://tatoeba.org/en/sentences/show/1916315	CC-BY 2.0 (France) Attribution: tatoeba.org #1916315 (CK) & #13454058 (Seael)	https://creativecommons.org/licenses/by/2.0/fr/
175	181	13454060	Seael	https://tatoeba.org/en/sentences/show/13454060	1916315	CK	https://tatoeba.org/en/sentences/show/1916315	CC-BY 2.0 (France) Attribution: tatoeba.org #1916315 (CK) & #13454060 (Seael)	https://creativecommons.org/licenses/by/2.0/fr/
176	182	5769224	arh	https://tatoeba.org/en/sentences/show/5769224	1916314	CK	https://tatoeba.org/en/sentences/show/1916314	CC-BY 2.0 (France) Attribution: tatoeba.org #1916314 (CK) & #5769224 (arh)	https://creativecommons.org/licenses/by/2.0/fr/
177	183	877244	Shishir	https://tatoeba.org/en/sentences/show/877244	10215657	megamanenm	https://tatoeba.org/en/sentences/show/10215657	CC-BY 2.0 (France) Attribution: tatoeba.org #10215657 (megamanenm) & #877244 (Shishir)	https://creativecommons.org/licenses/by/2.0/fr/
178	184	5769215	arh	https://tatoeba.org/en/sentences/show/5769215	37902	CM	https://tatoeba.org/en/sentences/show/37902	CC-BY 2.0 (France) Attribution: tatoeba.org #37902 (CM) & #5769215 (arh)	https://creativecommons.org/licenses/by/2.0/fr/
179	185	10799326	saverius	https://tatoeba.org/en/sentences/show/10799326	6049389	mailohilohi	https://tatoeba.org/en/sentences/show/6049389	CC-BY 2.0 (France) Attribution: tatoeba.org #6049389 (mailohilohi) & #10799326 (saverius)	https://creativecommons.org/licenses/by/2.0/fr/
180	186	1555788	hayastan	https://tatoeba.org/en/sentences/show/1555788	1553532	CK	https://tatoeba.org/en/sentences/show/1553532	CC-BY 2.0 (France) Attribution: tatoeba.org #1553532 (CK) & #1555788 (hayastan)	https://creativecommons.org/licenses/by/2.0/fr/
181	187	1748231	Shishir	https://tatoeba.org/en/sentences/show/1748231	1553532	CK	https://tatoeba.org/en/sentences/show/1553532	CC-BY 2.0 (France) Attribution: tatoeba.org #1553532 (CK) & #1748231 (Shishir)	https://creativecommons.org/licenses/by/2.0/fr/
182	188	1748232	Shishir	https://tatoeba.org/en/sentences/show/1748232	1553532	CK	https://tatoeba.org/en/sentences/show/1553532	CC-BY 2.0 (France) Attribution: tatoeba.org #1553532 (CK) & #1748232 (Shishir)	https://creativecommons.org/licenses/by/2.0/fr/
183	189	2351591	Shishir	https://tatoeba.org/en/sentences/show/2351591	1916313	CK	https://tatoeba.org/en/sentences/show/1916313	CC-BY 2.0 (France) Attribution: tatoeba.org #1916313 (CK) & #2351591 (Shishir)	https://creativecommons.org/licenses/by/2.0/fr/
184	190	1501220	marcelostockle	https://tatoeba.org/en/sentences/show/1501220	348091	Hertz	https://tatoeba.org/en/sentences/show/348091	CC-BY 2.0 (France) Attribution: tatoeba.org #348091 (Hertz) & #1501220 (marcelostockle)	https://creativecommons.org/licenses/by/2.0/fr/
185	191	1501221	marcelostockle	https://tatoeba.org/en/sentences/show/1501221	348091	Hertz	https://tatoeba.org/en/sentences/show/348091	CC-BY 2.0 (France) Attribution: tatoeba.org #348091 (Hertz) & #1501221 (marcelostockle)	https://creativecommons.org/licenses/by/2.0/fr/
186	192	2077279	cueyayotl	https://tatoeba.org/en/sentences/show/2077279	348091	Hertz	https://tatoeba.org/en/sentences/show/348091	CC-BY 2.0 (France) Attribution: tatoeba.org #348091 (Hertz) & #2077279 (cueyayotl)	https://creativecommons.org/licenses/by/2.0/fr/
187	194	6161310	cueyayotl	https://tatoeba.org/en/sentences/show/6161310	24697	CK	https://tatoeba.org/en/sentences/show/24697	CC-BY 2.0 (France) Attribution: tatoeba.org #24697 (CK) & #6161310 (cueyayotl)	https://creativecommons.org/licenses/by/2.0/fr/
188	195	3442057	cueyayotl	https://tatoeba.org/en/sentences/show/3442057	1954266	CK	https://tatoeba.org/en/sentences/show/1954266	CC-BY 2.0 (France) Attribution: tatoeba.org #1954266 (CK) & #3442057 (cueyayotl)	https://creativecommons.org/licenses/by/2.0/fr/
189	197	5259208	Omnivoro	https://tatoeba.org/en/sentences/show/5259208	1972621	CK	https://tatoeba.org/en/sentences/show/1972621	CC-BY 2.0 (France) Attribution: tatoeba.org #1972621 (CK) & #5259208 (Omnivoro)	https://creativecommons.org/licenses/by/2.0/fr/
190	198	9990754	manufrutos	https://tatoeba.org/en/sentences/show/9990754	6051416	mailohilohi	https://tatoeba.org/en/sentences/show/6051416	CC-BY 2.0 (France) Attribution: tatoeba.org #6051416 (mailohilohi) & #9990754 (manufrutos)	https://creativecommons.org/licenses/by/2.0/fr/
191	199	4527533	cueyayotl	https://tatoeba.org/en/sentences/show/4527533	1972633	CK	https://tatoeba.org/en/sentences/show/1972633	CC-BY 2.0 (France) Attribution: tatoeba.org #1972633 (CK) & #4527533 (cueyayotl)	https://creativecommons.org/licenses/by/2.0/fr/
192	200	5769216	arh	https://tatoeba.org/en/sentences/show/5769216	266790	CK	https://tatoeba.org/en/sentences/show/266790	CC-BY 2.0 (France) Attribution: tatoeba.org #266790 (CK) & #5769216 (arh)	https://creativecommons.org/licenses/by/2.0/fr/
193	202	630770	Leono	https://tatoeba.org/en/sentences/show/630770	22016	Eldad	https://tatoeba.org/en/sentences/show/22016	CC-BY 2.0 (France) Attribution: tatoeba.org #22016 (Eldad) & #630770 (Leono)	https://creativecommons.org/licenses/by/2.0/fr/
194	204	630776	Leono	https://tatoeba.org/en/sentences/show/630776	22016	Eldad	https://tatoeba.org/en/sentences/show/22016	CC-BY 2.0 (France) Attribution: tatoeba.org #22016 (Eldad) & #630776 (Leono)	https://creativecommons.org/licenses/by/2.0/fr/
195	205	630777	Leono	https://tatoeba.org/en/sentences/show/630777	22016	Eldad	https://tatoeba.org/en/sentences/show/22016	CC-BY 2.0 (France) Attribution: tatoeba.org #22016 (Eldad) & #630777 (Leono)	https://creativecommons.org/licenses/by/2.0/fr/
196	206	4557360	swyter	https://tatoeba.org/en/sentences/show/4557360	22016	Eldad	https://tatoeba.org/en/sentences/show/22016	CC-BY 2.0 (France) Attribution: tatoeba.org #22016 (Eldad) & #4557360 (swyter)	https://creativecommons.org/licenses/by/2.0/fr/
197	207	870324	washisnein	https://tatoeba.org/en/sentences/show/870324	433518	CK	https://tatoeba.org/en/sentences/show/433518	CC-BY 2.0 (France) Attribution: tatoeba.org #433518 (CK) & #870324 (washisnein)	https://creativecommons.org/licenses/by/2.0/fr/
198	208	877248	Shishir	https://tatoeba.org/en/sentences/show/877248	433518	CK	https://tatoeba.org/en/sentences/show/433518	CC-BY 2.0 (France) Attribution: tatoeba.org #433518 (CK) & #877248 (Shishir)	https://creativecommons.org/licenses/by/2.0/fr/
199	209	994731	hayastan	https://tatoeba.org/en/sentences/show/994731	433518	CK	https://tatoeba.org/en/sentences/show/433518	CC-BY 2.0 (France) Attribution: tatoeba.org #433518 (CK) & #994731 (hayastan)	https://creativecommons.org/licenses/by/2.0/fr/
200	210	1266359	wallebot	https://tatoeba.org/en/sentences/show/1266359	433518	CK	https://tatoeba.org/en/sentences/show/433518	CC-BY 2.0 (France) Attribution: tatoeba.org #433518 (CK) & #1266359 (wallebot)	https://creativecommons.org/licenses/by/2.0/fr/
201	211	1266363	wallebot	https://tatoeba.org/en/sentences/show/1266363	433518	CK	https://tatoeba.org/en/sentences/show/433518	CC-BY 2.0 (France) Attribution: tatoeba.org #433518 (CK) & #1266363 (wallebot)	https://creativecommons.org/licenses/by/2.0/fr/
202	213	5101735	ecorralest101	https://tatoeba.org/en/sentences/show/5101735	433518	CK	https://tatoeba.org/en/sentences/show/433518	CC-BY 2.0 (France) Attribution: tatoeba.org #433518 (CK) & #5101735 (ecorralest101)	https://creativecommons.org/licenses/by/2.0/fr/
203	219	5165644	cueyayotl	https://tatoeba.org/en/sentences/show/5165644	433491	CK	https://tatoeba.org/en/sentences/show/433491	CC-BY 2.0 (France) Attribution: tatoeba.org #433491 (CK) & #5165644 (cueyayotl)	https://creativecommons.org/licenses/by/2.0/fr/
204	221	4410088	cueyayotl	https://tatoeba.org/en/sentences/show/4410088	7765354	sharris123	https://tatoeba.org/en/sentences/show/7765354	CC-BY 2.0 (France) Attribution: tatoeba.org #7765354 (sharris123) & #4410088 (cueyayotl)	https://creativecommons.org/licenses/by/2.0/fr/
205	222	1841889	marcelostockle	https://tatoeba.org/en/sentences/show/1841889	2230769	CK	https://tatoeba.org/en/sentences/show/2230769	CC-BY 2.0 (France) Attribution: tatoeba.org #2230769 (CK) & #1841889 (marcelostockle)	https://creativecommons.org/licenses/by/2.0/fr/
206	223	2254628	hayastan	https://tatoeba.org/en/sentences/show/2254628	2254627	_undertoad	https://tatoeba.org/en/sentences/show/2254627	CC-BY 2.0 (France) Attribution: tatoeba.org #2254627 (_undertoad) & #2254628 (hayastan)	https://creativecommons.org/licenses/by/2.0/fr/
207	224	427036	hayastan	https://tatoeba.org/en/sentences/show/427036	516745	minshirui	https://tatoeba.org/en/sentences/show/516745	CC-BY 2.0 (France) Attribution: tatoeba.org #516745 (minshirui) & #427036 (hayastan)	https://creativecommons.org/licenses/by/2.0/fr/
208	225	562079	Shishir	https://tatoeba.org/en/sentences/show/562079	516745	minshirui	https://tatoeba.org/en/sentences/show/516745	CC-BY 2.0 (France) Attribution: tatoeba.org #516745 (minshirui) & #562079 (Shishir)	https://creativecommons.org/licenses/by/2.0/fr/
209	226	995315	colonqn	https://tatoeba.org/en/sentences/show/995315	516745	minshirui	https://tatoeba.org/en/sentences/show/516745	CC-BY 2.0 (France) Attribution: tatoeba.org #516745 (minshirui) & #995315 (colonqn)	https://creativecommons.org/licenses/by/2.0/fr/
210	228	4557188	swyter	https://tatoeba.org/en/sentences/show/4557188	1894404	Spamster	https://tatoeba.org/en/sentences/show/1894404	CC-BY 2.0 (France) Attribution: tatoeba.org #1894404 (Spamster) & #4557188 (swyter)	https://creativecommons.org/licenses/by/2.0/fr/
211	229	4557189	swyter	https://tatoeba.org/en/sentences/show/4557189	1894404	Spamster	https://tatoeba.org/en/sentences/show/1894404	CC-BY 2.0 (France) Attribution: tatoeba.org #1894404 (Spamster) & #4557189 (swyter)	https://creativecommons.org/licenses/by/2.0/fr/
212	231	4940279	Francisco_M	https://tatoeba.org/en/sentences/show/4940279	1972640	CK	https://tatoeba.org/en/sentences/show/1972640	CC-BY 2.0 (France) Attribution: tatoeba.org #1972640 (CK) & #4940279 (Francisco_M)	https://creativecommons.org/licenses/by/2.0/fr/
213	232	853498	japegon	https://tatoeba.org/en/sentences/show/853498	853153	piksea	https://tatoeba.org/en/sentences/show/853153	CC-BY 2.0 (France) Attribution: tatoeba.org #853153 (piksea) & #853498 (japegon)	https://creativecommons.org/licenses/by/2.0/fr/
214	233	1335656	wallebot	https://tatoeba.org/en/sentences/show/1335656	3259071	CH	https://tatoeba.org/en/sentences/show/3259071	CC-BY 2.0 (France) Attribution: tatoeba.org #3259071 (CH) & #1335656 (wallebot)	https://creativecommons.org/licenses/by/2.0/fr/
215	234	515909	Shishir	https://tatoeba.org/en/sentences/show/515909	1126684	CK	https://tatoeba.org/en/sentences/show/1126684	CC-BY 2.0 (France) Attribution: tatoeba.org #1126684 (CK) & #515909 (Shishir)	https://creativecommons.org/licenses/by/2.0/fr/
216	236	566549	Shishir	https://tatoeba.org/en/sentences/show/566549	266065	Zifre	https://tatoeba.org/en/sentences/show/266065	CC-BY 2.0 (France) Attribution: tatoeba.org #266065 (Zifre) & #566549 (Shishir)	https://creativecommons.org/licenses/by/2.0/fr/
217	237	5054307	don_ramon	https://tatoeba.org/en/sentences/show/5054307	266065	Zifre	https://tatoeba.org/en/sentences/show/266065	CC-BY 2.0 (France) Attribution: tatoeba.org #266065 (Zifre) & #5054307 (don_ramon)	https://creativecommons.org/licenses/by/2.0/fr/
218	238	2794287	marcelostockle	https://tatoeba.org/en/sentences/show/2794287	2187193	CK	https://tatoeba.org/en/sentences/show/2187193	CC-BY 2.0 (France) Attribution: tatoeba.org #2187193 (CK) & #2794287 (marcelostockle)	https://creativecommons.org/licenses/by/2.0/fr/
219	239	4527517	cueyayotl	https://tatoeba.org/en/sentences/show/4527517	2549834	CK	https://tatoeba.org/en/sentences/show/2549834	CC-BY 2.0 (France) Attribution: tatoeba.org #2549834 (CK) & #4527517 (cueyayotl)	https://creativecommons.org/licenses/by/2.0/fr/
220	240	5707782	arh	https://tatoeba.org/en/sentences/show/5707782	2203859	CK	https://tatoeba.org/en/sentences/show/2203859	CC-BY 2.0 (France) Attribution: tatoeba.org #2203859 (CK) & #5707782 (arh)	https://creativecommons.org/licenses/by/2.0/fr/
221	242	7860121	arh	https://tatoeba.org/en/sentences/show/7860121	7932268	Seael	https://tatoeba.org/en/sentences/show/7932268	CC-BY 2.0 (France) Attribution: tatoeba.org #7932268 (Seael) & #7860121 (arh)	https://creativecommons.org/licenses/by/2.0/fr/
222	243	7860122	arh	https://tatoeba.org/en/sentences/show/7860122	7932268	Seael	https://tatoeba.org/en/sentences/show/7932268	CC-BY 2.0 (France) Attribution: tatoeba.org #7932268 (Seael) & #7860122 (arh)	https://creativecommons.org/licenses/by/2.0/fr/
223	244	7932269	Seael	https://tatoeba.org/en/sentences/show/7932269	7932268	Seael	https://tatoeba.org/en/sentences/show/7932268	CC-BY 2.0 (France) Attribution: tatoeba.org #7932268 (Seael) & #7932269 (Seael)	https://creativecommons.org/licenses/by/2.0/fr/
224	245	7932271	Seael	https://tatoeba.org/en/sentences/show/7932271	7932268	Seael	https://tatoeba.org/en/sentences/show/7932268	CC-BY 2.0 (France) Attribution: tatoeba.org #7932268 (Seael) & #7932271 (Seael)	https://creativecommons.org/licenses/by/2.0/fr/
225	246	7932272	Seael	https://tatoeba.org/en/sentences/show/7932272	7932268	Seael	https://tatoeba.org/en/sentences/show/7932268	CC-BY 2.0 (France) Attribution: tatoeba.org #7932268 (Seael) & #7932272 (Seael)	https://creativecommons.org/licenses/by/2.0/fr/
226	247	7932273	Seael	https://tatoeba.org/en/sentences/show/7932273	7932268	Seael	https://tatoeba.org/en/sentences/show/7932268	CC-BY 2.0 (France) Attribution: tatoeba.org #7932268 (Seael) & #7932273 (Seael)	https://creativecommons.org/licenses/by/2.0/fr/
227	248	7932274	Seael	https://tatoeba.org/en/sentences/show/7932274	7932268	Seael	https://tatoeba.org/en/sentences/show/7932268	CC-BY 2.0 (France) Attribution: tatoeba.org #7932268 (Seael) & #7932274 (Seael)	https://creativecommons.org/licenses/by/2.0/fr/
228	249	7932275	Seael	https://tatoeba.org/en/sentences/show/7932275	7932268	Seael	https://tatoeba.org/en/sentences/show/7932268	CC-BY 2.0 (France) Attribution: tatoeba.org #7932268 (Seael) & #7932275 (Seael)	https://creativecommons.org/licenses/by/2.0/fr/
229	250	7932276	Seael	https://tatoeba.org/en/sentences/show/7932276	7932268	Seael	https://tatoeba.org/en/sentences/show/7932268	CC-BY 2.0 (France) Attribution: tatoeba.org #7932268 (Seael) & #7932276 (Seael)	https://creativecommons.org/licenses/by/2.0/fr/
230	252	4940211	Francisco_M	https://tatoeba.org/en/sentences/show/4940211	1357000	sacredceltic	https://tatoeba.org/en/sentences/show/1357000	CC-BY 2.0 (France) Attribution: tatoeba.org #1357000 (sacredceltic) & #4940211 (Francisco_M)	https://creativecommons.org/licenses/by/2.0/fr/
231	253	4940221	Francisco_M	https://tatoeba.org/en/sentences/show/4940221	1357000	sacredceltic	https://tatoeba.org/en/sentences/show/1357000	CC-BY 2.0 (France) Attribution: tatoeba.org #1357000 (sacredceltic) & #4940221 (Francisco_M)	https://creativecommons.org/licenses/by/2.0/fr/
232	255	7860120	arh	https://tatoeba.org/en/sentences/show/7860120	1357000	sacredceltic	https://tatoeba.org/en/sentences/show/1357000	CC-BY 2.0 (France) Attribution: tatoeba.org #1357000 (sacredceltic) & #7860120 (arh)	https://creativecommons.org/licenses/by/2.0/fr/
233	256	7166833	arh	https://tatoeba.org/en/sentences/show/7166833	6576570	Eccles17	https://tatoeba.org/en/sentences/show/6576570	CC-BY 2.0 (France) Attribution: tatoeba.org #6576570 (Eccles17) & #7166833 (arh)	https://creativecommons.org/licenses/by/2.0/fr/
234	257	5147457	Kary	https://tatoeba.org/en/sentences/show/5147457	2203860	CK	https://tatoeba.org/en/sentences/show/2203860	CC-BY 2.0 (France) Attribution: tatoeba.org #2203860 (CK) & #5147457 (Kary)	https://creativecommons.org/licenses/by/2.0/fr/
235	258	378279	hayastan	https://tatoeba.org/en/sentences/show/378279	436281	lukaszpp	https://tatoeba.org/en/sentences/show/436281	CC-BY 2.0 (France) Attribution: tatoeba.org #436281 (lukaszpp) & #378279 (hayastan)	https://creativecommons.org/licenses/by/2.0/fr/
236	259	803643	Munia	https://tatoeba.org/en/sentences/show/803643	436281	lukaszpp	https://tatoeba.org/en/sentences/show/436281	CC-BY 2.0 (France) Attribution: tatoeba.org #436281 (lukaszpp) & #803643 (Munia)	https://creativecommons.org/licenses/by/2.0/fr/
237	260	849974	pabloignacio	https://tatoeba.org/en/sentences/show/849974	436281	lukaszpp	https://tatoeba.org/en/sentences/show/436281	CC-BY 2.0 (France) Attribution: tatoeba.org #436281 (lukaszpp) & #849974 (pabloignacio)	https://creativecommons.org/licenses/by/2.0/fr/
238	261	5834164	albrusgher	https://tatoeba.org/en/sentences/show/5834164	5828612	CK	https://tatoeba.org/en/sentences/show/5828612	CC-BY 2.0 (France) Attribution: tatoeba.org #5828612 (CK) & #5834164 (albrusgher)	https://creativecommons.org/licenses/by/2.0/fr/
239	264	8410512	arh	https://tatoeba.org/en/sentences/show/8410512	8397691	CK	https://tatoeba.org/en/sentences/show/8397691	CC-BY 2.0 (France) Attribution: tatoeba.org #8397691 (CK) & #8410512 (arh)	https://creativecommons.org/licenses/by/2.0/fr/
240	265	8410515	arh	https://tatoeba.org/en/sentences/show/8410515	8397692	CK	https://tatoeba.org/en/sentences/show/8397692	CC-BY 2.0 (France) Attribution: tatoeba.org #8397692 (CK) & #8410515 (arh)	https://creativecommons.org/licenses/by/2.0/fr/
241	266	8410516	arh	https://tatoeba.org/en/sentences/show/8410516	8397692	CK	https://tatoeba.org/en/sentences/show/8397692	CC-BY 2.0 (France) Attribution: tatoeba.org #8397692 (CK) & #8410516 (arh)	https://creativecommons.org/licenses/by/2.0/fr/
242	267	8410517	arh	https://tatoeba.org/en/sentences/show/8410517	8397692	CK	https://tatoeba.org/en/sentences/show/8397692	CC-BY 2.0 (France) Attribution: tatoeba.org #8397692 (CK) & #8410517 (arh)	https://creativecommons.org/licenses/by/2.0/fr/
243	268	6686443	arh	https://tatoeba.org/en/sentences/show/6686443	5828617	CK	https://tatoeba.org/en/sentences/show/5828617	CC-BY 2.0 (France) Attribution: tatoeba.org #5828617 (CK) & #6686443 (arh)	https://creativecommons.org/licenses/by/2.0/fr/
244	269	6686444	arh	https://tatoeba.org/en/sentences/show/6686444	5828617	CK	https://tatoeba.org/en/sentences/show/5828617	CC-BY 2.0 (France) Attribution: tatoeba.org #5828617 (CK) & #6686444 (arh)	https://creativecommons.org/licenses/by/2.0/fr/
245	270	6686445	arh	https://tatoeba.org/en/sentences/show/6686445	5828617	CK	https://tatoeba.org/en/sentences/show/5828617	CC-BY 2.0 (France) Attribution: tatoeba.org #5828617 (CK) & #6686445 (arh)	https://creativecommons.org/licenses/by/2.0/fr/
246	271	6686447	arh	https://tatoeba.org/en/sentences/show/6686447	5828617	CK	https://tatoeba.org/en/sentences/show/5828617	CC-BY 2.0 (France) Attribution: tatoeba.org #5828617 (CK) & #6686447 (arh)	https://creativecommons.org/licenses/by/2.0/fr/
247	272	4632541	cueyayotl	https://tatoeba.org/en/sentences/show/4632541	3199633	CM	https://tatoeba.org/en/sentences/show/3199633	CC-BY 2.0 (France) Attribution: tatoeba.org #3199633 (CM) & #4632541 (cueyayotl)	https://creativecommons.org/licenses/by/2.0/fr/
248	273	4557692	swyter	https://tatoeba.org/en/sentences/show/4557692	2283721	CK	https://tatoeba.org/en/sentences/show/2283721	CC-BY 2.0 (France) Attribution: tatoeba.org #2283721 (CK) & #4557692 (swyter)	https://creativecommons.org/licenses/by/2.0/fr/
249	274	5769218	arh	https://tatoeba.org/en/sentences/show/5769218	1174876	CK	https://tatoeba.org/en/sentences/show/1174876	CC-BY 2.0 (France) Attribution: tatoeba.org #1174876 (CK) & #5769218 (arh)	https://creativecommons.org/licenses/by/2.0/fr/
250	275	3188898	Shishir	https://tatoeba.org/en/sentences/show/3188898	2283732	CK	https://tatoeba.org/en/sentences/show/2283732	CC-BY 2.0 (France) Attribution: tatoeba.org #2283732 (CK) & #3188898 (Shishir)	https://creativecommons.org/licenses/by/2.0/fr/
251	276	1143590	Shishir	https://tatoeba.org/en/sentences/show/1143590	1120816	cntrational	https://tatoeba.org/en/sentences/show/1120816	CC-BY 2.0 (France) Attribution: tatoeba.org #1120816 (cntrational) & #1143590 (Shishir)	https://creativecommons.org/licenses/by/2.0/fr/
252	277	2906826	hayastan	https://tatoeba.org/en/sentences/show/2906826	1120816	cntrational	https://tatoeba.org/en/sentences/show/1120816	CC-BY 2.0 (France) Attribution: tatoeba.org #1120816 (cntrational) & #2906826 (hayastan)	https://creativecommons.org/licenses/by/2.0/fr/
253	278	5769230	arh	https://tatoeba.org/en/sentences/show/5769230	3330525	CK	https://tatoeba.org/en/sentences/show/3330525	CC-BY 2.0 (France) Attribution: tatoeba.org #3330525 (CK) & #5769230 (arh)	https://creativecommons.org/licenses/by/2.0/fr/
254	279	5769220	arh	https://tatoeba.org/en/sentences/show/5769220	1829472	Spamster	https://tatoeba.org/en/sentences/show/1829472	CC-BY 2.0 (France) Attribution: tatoeba.org #1829472 (Spamster) & #5769220 (arh)	https://creativecommons.org/licenses/by/2.0/fr/
255	280	2707013	cueyayotl	https://tatoeba.org/en/sentences/show/2707013	5828623	CK	https://tatoeba.org/en/sentences/show/5828623	CC-BY 2.0 (France) Attribution: tatoeba.org #5828623 (CK) & #2707013 (cueyayotl)	https://creativecommons.org/licenses/by/2.0/fr/
256	281	2707014	cueyayotl	https://tatoeba.org/en/sentences/show/2707014	5828623	CK	https://tatoeba.org/en/sentences/show/5828623	CC-BY 2.0 (France) Attribution: tatoeba.org #5828623 (CK) & #2707014 (cueyayotl)	https://creativecommons.org/licenses/by/2.0/fr/
257	282	4469091	DarkHollow	https://tatoeba.org/en/sentences/show/4469091	5828623	CK	https://tatoeba.org/en/sentences/show/5828623	CC-BY 2.0 (France) Attribution: tatoeba.org #5828623 (CK) & #4469091 (DarkHollow)	https://creativecommons.org/licenses/by/2.0/fr/
258	283	5769226	arh	https://tatoeba.org/en/sentences/show/5769226	1924560	Zaghawa	https://tatoeba.org/en/sentences/show/1924560	CC-BY 2.0 (France) Attribution: tatoeba.org #1924560 (Zaghawa) & #5769226 (arh)	https://creativecommons.org/licenses/by/2.0/fr/
259	284	4935767	Ruthdq	https://tatoeba.org/en/sentences/show/4935767	2203346	CK	https://tatoeba.org/en/sentences/show/2203346	CC-BY 2.0 (France) Attribution: tatoeba.org #2203346 (CK) & #4935767 (Ruthdq)	https://creativecommons.org/licenses/by/2.0/fr/
260	285	1781618	hayastan	https://tatoeba.org/en/sentences/show/1781618	1780075	Spamster	https://tatoeba.org/en/sentences/show/1780075	CC-BY 2.0 (France) Attribution: tatoeba.org #1780075 (Spamster) & #1781618 (hayastan)	https://creativecommons.org/licenses/by/2.0/fr/
261	286	1372070	marcelostockle	https://tatoeba.org/en/sentences/show/1372070	413756	CK	https://tatoeba.org/en/sentences/show/413756	CC-BY 2.0 (France) Attribution: tatoeba.org #413756 (CK) & #1372070 (marcelostockle)	https://creativecommons.org/licenses/by/2.0/fr/
262	287	503555	Shishir	https://tatoeba.org/en/sentences/show/503555	1349952	sacredceltic	https://tatoeba.org/en/sentences/show/1349952	CC-BY 2.0 (France) Attribution: tatoeba.org #1349952 (sacredceltic) & #503555 (Shishir)	https://creativecommons.org/licenses/by/2.0/fr/
263	288	9433154	ignacio	https://tatoeba.org/en/sentences/show/9433154	1349952	sacredceltic	https://tatoeba.org/en/sentences/show/1349952	CC-BY 2.0 (France) Attribution: tatoeba.org #1349952 (sacredceltic) & #9433154 (ignacio)	https://creativecommons.org/licenses/by/2.0/fr/
264	291	2013757	leoruilova	https://tatoeba.org/en/sentences/show/2013757	1745546	belgavox	https://tatoeba.org/en/sentences/show/1745546	CC-BY 2.0 (France) Attribution: tatoeba.org #1745546 (belgavox) & #2013757 (leoruilova)	https://creativecommons.org/licenses/by/2.0/fr/
265	292	2013758	leoruilova	https://tatoeba.org/en/sentences/show/2013758	1745546	belgavox	https://tatoeba.org/en/sentences/show/1745546	CC-BY 2.0 (France) Attribution: tatoeba.org #1745546 (belgavox) & #2013758 (leoruilova)	https://creativecommons.org/licenses/by/2.0/fr/
266	293	2138118	Shishir	https://tatoeba.org/en/sentences/show/2138118	1745546	belgavox	https://tatoeba.org/en/sentences/show/1745546	CC-BY 2.0 (France) Attribution: tatoeba.org #1745546 (belgavox) & #2138118 (Shishir)	https://creativecommons.org/licenses/by/2.0/fr/
267	294	4482016	cueyayotl	https://tatoeba.org/en/sentences/show/4482016	1913087	CK	https://tatoeba.org/en/sentences/show/1913087	CC-BY 2.0 (France) Attribution: tatoeba.org #1913087 (CK) & #4482016 (cueyayotl)	https://creativecommons.org/licenses/by/2.0/fr/
268	295	8410496	arh	https://tatoeba.org/en/sentences/show/8410496	7966956	CK	https://tatoeba.org/en/sentences/show/7966956	CC-BY 2.0 (France) Attribution: tatoeba.org #7966956 (CK) & #8410496 (arh)	https://creativecommons.org/licenses/by/2.0/fr/
269	296	7276583	arh	https://tatoeba.org/en/sentences/show/7276583	5350433	mailohilohi	https://tatoeba.org/en/sentences/show/5350433	CC-BY 2.0 (France) Attribution: tatoeba.org #5350433 (mailohilohi) & #7276583 (arh)	https://creativecommons.org/licenses/by/2.0/fr/
270	297	7276586	arh	https://tatoeba.org/en/sentences/show/7276586	5350433	mailohilohi	https://tatoeba.org/en/sentences/show/5350433	CC-BY 2.0 (France) Attribution: tatoeba.org #5350433 (mailohilohi) & #7276586 (arh)	https://creativecommons.org/licenses/by/2.0/fr/
271	298	731630	Shishir	https://tatoeba.org/en/sentences/show/731630	321985	CK	https://tatoeba.org/en/sentences/show/321985	CC-BY 2.0 (France) Attribution: tatoeba.org #321985 (CK) & #731630 (Shishir)	https://creativecommons.org/licenses/by/2.0/fr/
272	299	5769217	arh	https://tatoeba.org/en/sentences/show/5769217	321985	CK	https://tatoeba.org/en/sentences/show/321985	CC-BY 2.0 (France) Attribution: tatoeba.org #321985 (CK) & #5769217 (arh)	https://creativecommons.org/licenses/by/2.0/fr/
273	300	1443710	marcelostockle	https://tatoeba.org/en/sentences/show/1443710	22061	CM	https://tatoeba.org/en/sentences/show/22061	CC-BY 2.0 (France) Attribution: tatoeba.org #22061 (CM) & #1443710 (marcelostockle)	https://creativecommons.org/licenses/by/2.0/fr/
274	301	7603480	arh	https://tatoeba.org/en/sentences/show/7603480	6049385	mailohilohi	https://tatoeba.org/en/sentences/show/6049385	CC-BY 2.0 (France) Attribution: tatoeba.org #6049385 (mailohilohi) & #7603480 (arh)	https://creativecommons.org/licenses/by/2.0/fr/
275	302	7932243	Seael	https://tatoeba.org/en/sentences/show/7932243	6049385	mailohilohi	https://tatoeba.org/en/sentences/show/6049385	CC-BY 2.0 (France) Attribution: tatoeba.org #6049385 (mailohilohi) & #7932243 (Seael)	https://creativecommons.org/licenses/by/2.0/fr/
276	303	7932244	Seael	https://tatoeba.org/en/sentences/show/7932244	6049385	mailohilohi	https://tatoeba.org/en/sentences/show/6049385	CC-BY 2.0 (France) Attribution: tatoeba.org #6049385 (mailohilohi) & #7932244 (Seael)	https://creativecommons.org/licenses/by/2.0/fr/
277	304	7932245	Seael	https://tatoeba.org/en/sentences/show/7932245	6049385	mailohilohi	https://tatoeba.org/en/sentences/show/6049385	CC-BY 2.0 (France) Attribution: tatoeba.org #6049385 (mailohilohi) & #7932245 (Seael)	https://creativecommons.org/licenses/by/2.0/fr/
278	305	7932247	Seael	https://tatoeba.org/en/sentences/show/7932247	6049385	mailohilohi	https://tatoeba.org/en/sentences/show/6049385	CC-BY 2.0 (France) Attribution: tatoeba.org #6049385 (mailohilohi) & #7932247 (Seael)	https://creativecommons.org/licenses/by/2.0/fr/
279	306	7932248	Seael	https://tatoeba.org/en/sentences/show/7932248	6049385	mailohilohi	https://tatoeba.org/en/sentences/show/6049385	CC-BY 2.0 (France) Attribution: tatoeba.org #6049385 (mailohilohi) & #7932248 (Seael)	https://creativecommons.org/licenses/by/2.0/fr/
280	307	7932249	Seael	https://tatoeba.org/en/sentences/show/7932249	6049385	mailohilohi	https://tatoeba.org/en/sentences/show/6049385	CC-BY 2.0 (France) Attribution: tatoeba.org #6049385 (mailohilohi) & #7932249 (Seael)	https://creativecommons.org/licenses/by/2.0/fr/
281	308	7932250	Seael	https://tatoeba.org/en/sentences/show/7932250	6049385	mailohilohi	https://tatoeba.org/en/sentences/show/6049385	CC-BY 2.0 (France) Attribution: tatoeba.org #6049385 (mailohilohi) & #7932250 (Seael)	https://creativecommons.org/licenses/by/2.0/fr/
282	310	1302968	leoruilova	https://tatoeba.org/en/sentences/show/1302968	1151432	Roggy	https://tatoeba.org/en/sentences/show/1151432	CC-BY 2.0 (France) Attribution: tatoeba.org #1151432 (Roggy) & #1302968 (leoruilova)	https://creativecommons.org/licenses/by/2.0/fr/
283	311	2267734	cueyayotl	https://tatoeba.org/en/sentences/show/2267734	1151432	Roggy	https://tatoeba.org/en/sentences/show/1151432	CC-BY 2.0 (France) Attribution: tatoeba.org #1151432 (Roggy) & #2267734 (cueyayotl)	https://creativecommons.org/licenses/by/2.0/fr/
284	312	2352589	Shishir	https://tatoeba.org/en/sentences/show/2352589	1972649	CK	https://tatoeba.org/en/sentences/show/1972649	CC-BY 2.0 (France) Attribution: tatoeba.org #1972649 (CK) & #2352589 (Shishir)	https://creativecommons.org/licenses/by/2.0/fr/
285	313	4557210	swyter	https://tatoeba.org/en/sentences/show/4557210	1972649	CK	https://tatoeba.org/en/sentences/show/1972649	CC-BY 2.0 (France) Attribution: tatoeba.org #1972649 (CK) & #4557210 (swyter)	https://creativecommons.org/licenses/by/2.0/fr/
286	314	5040892	don_ramon	https://tatoeba.org/en/sentences/show/5040892	1972649	CK	https://tatoeba.org/en/sentences/show/1972649	CC-BY 2.0 (France) Attribution: tatoeba.org #1972649 (CK) & #5040892 (don_ramon)	https://creativecommons.org/licenses/by/2.0/fr/
287	315	5040895	don_ramon	https://tatoeba.org/en/sentences/show/5040895	1972649	CK	https://tatoeba.org/en/sentences/show/1972649	CC-BY 2.0 (France) Attribution: tatoeba.org #1972649 (CK) & #5040895 (don_ramon)	https://creativecommons.org/licenses/by/2.0/fr/
288	316	535343	Shishir	https://tatoeba.org/en/sentences/show/535343	462430	lukaszpp	https://tatoeba.org/en/sentences/show/462430	CC-BY 2.0 (France) Attribution: tatoeba.org #462430 (lukaszpp) & #535343 (Shishir)	https://creativecommons.org/licenses/by/2.0/fr/
289	317	4417710	cueyayotl	https://tatoeba.org/en/sentences/show/4417710	462430	lukaszpp	https://tatoeba.org/en/sentences/show/462430	CC-BY 2.0 (France) Attribution: tatoeba.org #462430 (lukaszpp) & #4417710 (cueyayotl)	https://creativecommons.org/licenses/by/2.0/fr/
290	318	4587022	cueyayotl	https://tatoeba.org/en/sentences/show/4587022	462430	lukaszpp	https://tatoeba.org/en/sentences/show/462430	CC-BY 2.0 (France) Attribution: tatoeba.org #462430 (lukaszpp) & #4587022 (cueyayotl)	https://creativecommons.org/licenses/by/2.0/fr/
291	319	5118397	don_ramon	https://tatoeba.org/en/sentences/show/5118397	462430	lukaszpp	https://tatoeba.org/en/sentences/show/462430	CC-BY 2.0 (France) Attribution: tatoeba.org #462430 (lukaszpp) & #5118397 (don_ramon)	https://creativecommons.org/licenses/by/2.0/fr/
292	320	4557194	swyter	https://tatoeba.org/en/sentences/show/4557194	1953076	ozzie	https://tatoeba.org/en/sentences/show/1953076	CC-BY 2.0 (France) Attribution: tatoeba.org #1953076 (ozzie) & #4557194 (swyter)	https://creativecommons.org/licenses/by/2.0/fr/
293	323	4554629	swyter	https://tatoeba.org/en/sentences/show/4554629	2111499	CK	https://tatoeba.org/en/sentences/show/2111499	CC-BY 2.0 (France) Attribution: tatoeba.org #2111499 (CK) & #4554629 (swyter)	https://creativecommons.org/licenses/by/2.0/fr/
294	324	4557336	swyter	https://tatoeba.org/en/sentences/show/4557336	2111499	CK	https://tatoeba.org/en/sentences/show/2111499	CC-BY 2.0 (France) Attribution: tatoeba.org #2111499 (CK) & #4557336 (swyter)	https://creativecommons.org/licenses/by/2.0/fr/
295	325	2292882	Shishir	https://tatoeba.org/en/sentences/show/2292882	1913089	CK	https://tatoeba.org/en/sentences/show/1913089	CC-BY 2.0 (France) Attribution: tatoeba.org #1913089 (CK) & #2292882 (Shishir)	https://creativecommons.org/licenses/by/2.0/fr/
296	326	625796	Shishir	https://tatoeba.org/en/sentences/show/625796	1913090	CK	https://tatoeba.org/en/sentences/show/1913090	CC-BY 2.0 (France) Attribution: tatoeba.org #1913090 (CK) & #625796 (Shishir)	https://creativecommons.org/licenses/by/2.0/fr/
297	327	1922652	hayastan	https://tatoeba.org/en/sentences/show/1922652	1913090	CK	https://tatoeba.org/en/sentences/show/1913090	CC-BY 2.0 (France) Attribution: tatoeba.org #1913090 (CK) & #1922652 (hayastan)	https://creativecommons.org/licenses/by/2.0/fr/
298	328	5044120	cueyayotl	https://tatoeba.org/en/sentences/show/5044120	1913090	CK	https://tatoeba.org/en/sentences/show/1913090	CC-BY 2.0 (France) Attribution: tatoeba.org #1913090 (CK) & #5044120 (cueyayotl)	https://creativecommons.org/licenses/by/2.0/fr/
299	329	6586267	arh	https://tatoeba.org/en/sentences/show/6586267	1913090	CK	https://tatoeba.org/en/sentences/show/1913090	CC-BY 2.0 (France) Attribution: tatoeba.org #1913090 (CK) & #6586267 (arh)	https://creativecommons.org/licenses/by/2.0/fr/
300	330	6861139	arh	https://tatoeba.org/en/sentences/show/6861139	1913090	CK	https://tatoeba.org/en/sentences/show/1913090	CC-BY 2.0 (France) Attribution: tatoeba.org #1913090 (CK) & #6861139 (arh)	https://creativecommons.org/licenses/by/2.0/fr/
301	331	3346063	Shishir	https://tatoeba.org/en/sentences/show/3346063	2203599	CK	https://tatoeba.org/en/sentences/show/2203599	CC-BY 2.0 (France) Attribution: tatoeba.org #2203599 (CK) & #3346063 (Shishir)	https://creativecommons.org/licenses/by/2.0/fr/
302	332	3535554	Aether	https://tatoeba.org/en/sentences/show/3535554	2203766	CK	https://tatoeba.org/en/sentences/show/2203766	CC-BY 2.0 (France) Attribution: tatoeba.org #2203766 (CK) & #3535554 (Aether)	https://creativecommons.org/licenses/by/2.0/fr/
303	333	2209118	Shishir	https://tatoeba.org/en/sentences/show/2209118	2005191	CK	https://tatoeba.org/en/sentences/show/2005191	CC-BY 2.0 (France) Attribution: tatoeba.org #2005191 (CK) & #2209118 (Shishir)	https://creativecommons.org/licenses/by/2.0/fr/
304	335	5769228	arh	https://tatoeba.org/en/sentences/show/5769228	2954108	CK	https://tatoeba.org/en/sentences/show/2954108	CC-BY 2.0 (France) Attribution: tatoeba.org #2954108 (CK) & #5769228 (arh)	https://creativecommons.org/licenses/by/2.0/fr/
305	336	583494	Shishir	https://tatoeba.org/en/sentences/show/583494	323780	CK	https://tatoeba.org/en/sentences/show/323780	CC-BY 2.0 (France) Attribution: tatoeba.org #323780 (CK) & #583494 (Shishir)	https://creativecommons.org/licenses/by/2.0/fr/
306	337	583495	Shishir	https://tatoeba.org/en/sentences/show/583495	323780	CK	https://tatoeba.org/en/sentences/show/323780	CC-BY 2.0 (France) Attribution: tatoeba.org #323780 (CK) & #583495 (Shishir)	https://creativecommons.org/licenses/by/2.0/fr/
307	338	1335839	hayastan	https://tatoeba.org/en/sentences/show/1335839	323780	CK	https://tatoeba.org/en/sentences/show/323780	CC-BY 2.0 (France) Attribution: tatoeba.org #323780 (CK) & #1335839 (hayastan)	https://creativecommons.org/licenses/by/2.0/fr/
308	339	5769221	arh	https://tatoeba.org/en/sentences/show/5769221	1850243	CK	https://tatoeba.org/en/sentences/show/1850243	CC-BY 2.0 (France) Attribution: tatoeba.org #1850243 (CK) & #5769221 (arh)	https://creativecommons.org/licenses/by/2.0/fr/
309	340	1051757	Shishir	https://tatoeba.org/en/sentences/show/1051757	20763	CK	https://tatoeba.org/en/sentences/show/20763	CC-BY 2.0 (France) Attribution: tatoeba.org #20763 (CK) & #1051757 (Shishir)	https://creativecommons.org/licenses/by/2.0/fr/
310	341	5769229	arh	https://tatoeba.org/en/sentences/show/5769229	3255558	CM	https://tatoeba.org/en/sentences/show/3255558	CC-BY 2.0 (France) Attribution: tatoeba.org #3255558 (CM) & #5769229 (arh)	https://creativecommons.org/licenses/by/2.0/fr/
311	342	5769219	arh	https://tatoeba.org/en/sentences/show/5769219	1556167	shanghainese	https://tatoeba.org/en/sentences/show/1556167	CC-BY 2.0 (France) Attribution: tatoeba.org #1556167 (shanghainese) & #5769219 (arh)	https://creativecommons.org/licenses/by/2.0/fr/
312	343	5769227	arh	https://tatoeba.org/en/sentences/show/5769227	2107666	CK	https://tatoeba.org/en/sentences/show/2107666	CC-BY 2.0 (France) Attribution: tatoeba.org #2107666 (CK) & #5769227 (arh)	https://creativecommons.org/licenses/by/2.0/fr/
313	344	4587055	cueyayotl	https://tatoeba.org/en/sentences/show/4587055	138919	CM	https://tatoeba.org/en/sentences/show/138919	CC-BY 2.0 (France) Attribution: tatoeba.org #138919 (CM) & #4587055 (cueyayotl)	https://creativecommons.org/licenses/by/2.0/fr/
314	345	4587056	cueyayotl	https://tatoeba.org/en/sentences/show/4587056	138919	CM	https://tatoeba.org/en/sentences/show/138919	CC-BY 2.0 (France) Attribution: tatoeba.org #138919 (CM) & #4587056 (cueyayotl)	https://creativecommons.org/licenses/by/2.0/fr/
315	346	4587057	cueyayotl	https://tatoeba.org/en/sentences/show/4587057	138919	CM	https://tatoeba.org/en/sentences/show/138919	CC-BY 2.0 (France) Attribution: tatoeba.org #138919 (CM) & #4587057 (cueyayotl)	https://creativecommons.org/licenses/by/2.0/fr/
316	347	1446405	marcelostockle	https://tatoeba.org/en/sentences/show/1446405	2203598	CK	https://tatoeba.org/en/sentences/show/2203598	CC-BY 2.0 (France) Attribution: tatoeba.org #2203598 (CK) & #1446405 (marcelostockle)	https://creativecommons.org/licenses/by/2.0/fr/
317	348	4557668	swyter	https://tatoeba.org/en/sentences/show/4557668	2203765	CK	https://tatoeba.org/en/sentences/show/2203765	CC-BY 2.0 (France) Attribution: tatoeba.org #2203765 (CK) & #4557668 (swyter)	https://creativecommons.org/licenses/by/2.0/fr/
318	349	4557669	swyter	https://tatoeba.org/en/sentences/show/4557669	2203765	CK	https://tatoeba.org/en/sentences/show/2203765	CC-BY 2.0 (France) Attribution: tatoeba.org #2203765 (CK) & #4557669 (swyter)	https://creativecommons.org/licenses/by/2.0/fr/
319	350	4557222	swyter	https://tatoeba.org/en/sentences/show/4557222	2005190	CK	https://tatoeba.org/en/sentences/show/2005190	CC-BY 2.0 (France) Attribution: tatoeba.org #2005190 (CK) & #4557222 (swyter)	https://creativecommons.org/licenses/by/2.0/fr/
320	351	4557225	swyter	https://tatoeba.org/en/sentences/show/4557225	2005190	CK	https://tatoeba.org/en/sentences/show/2005190	CC-BY 2.0 (France) Attribution: tatoeba.org #2005190 (CK) & #4557225 (swyter)	https://creativecommons.org/licenses/by/2.0/fr/
321	352	504549	Shishir	https://tatoeba.org/en/sentences/show/504549	30545	CK	https://tatoeba.org/en/sentences/show/30545	CC-BY 2.0 (France) Attribution: tatoeba.org #30545 (CK) & #504549 (Shishir)	https://creativecommons.org/licenses/by/2.0/fr/
322	353	1395910	marcelostockle	https://tatoeba.org/en/sentences/show/1395910	672252	CK	https://tatoeba.org/en/sentences/show/672252	CC-BY 2.0 (France) Attribution: tatoeba.org #672252 (CK) & #1395910 (marcelostockle)	https://creativecommons.org/licenses/by/2.0/fr/
323	354	3441812	Shishir	https://tatoeba.org/en/sentences/show/3441812	2549833	CK	https://tatoeba.org/en/sentences/show/2549833	CC-BY 2.0 (France) Attribution: tatoeba.org #2549833 (CK) & #3441812 (Shishir)	https://creativecommons.org/licenses/by/2.0/fr/
324	355	2762301	Shishir	https://tatoeba.org/en/sentences/show/2762301	2214296	Hybrid	https://tatoeba.org/en/sentences/show/2214296	CC-BY 2.0 (France) Attribution: tatoeba.org #2214296 (Hybrid) & #2762301 (Shishir)	https://creativecommons.org/licenses/by/2.0/fr/
325	356	5504681	ecorralest101	https://tatoeba.org/en/sentences/show/5504681	2214296	Hybrid	https://tatoeba.org/en/sentences/show/2214296	CC-BY 2.0 (France) Attribution: tatoeba.org #2214296 (Hybrid) & #5504681 (ecorralest101)	https://creativecommons.org/licenses/by/2.0/fr/
326	357	5048409	don_ramon	https://tatoeba.org/en/sentences/show/5048409	3820042	CK	https://tatoeba.org/en/sentences/show/3820042	CC-BY 2.0 (France) Attribution: tatoeba.org #3820042 (CK) & #5048409 (don_ramon)	https://creativecommons.org/licenses/by/2.0/fr/
327	358	5048411	don_ramon	https://tatoeba.org/en/sentences/show/5048411	3820042	CK	https://tatoeba.org/en/sentences/show/3820042	CC-BY 2.0 (France) Attribution: tatoeba.org #3820042 (CK) & #5048411 (don_ramon)	https://creativecommons.org/licenses/by/2.0/fr/
328	359	5769239	arh	https://tatoeba.org/en/sentences/show/5769239	1954264	CK	https://tatoeba.org/en/sentences/show/1954264	CC-BY 2.0 (France) Attribution: tatoeba.org #1954264 (CK) & #5769239 (arh)	https://creativecommons.org/licenses/by/2.0/fr/
329	360	6628106	Schuager	https://tatoeba.org/en/sentences/show/6628106	1954264	CK	https://tatoeba.org/en/sentences/show/1954264	CC-BY 2.0 (France) Attribution: tatoeba.org #1954264 (CK) & #6628106 (Schuager)	https://creativecommons.org/licenses/by/2.0/fr/
330	361	1748233	Shishir	https://tatoeba.org/en/sentences/show/1748233	1553533	CK	https://tatoeba.org/en/sentences/show/1553533	CC-BY 2.0 (France) Attribution: tatoeba.org #1553533 (CK) & #1748233 (Shishir)	https://creativecommons.org/licenses/by/2.0/fr/
331	362	4567925	cueyayotl	https://tatoeba.org/en/sentences/show/4567925	2221008	Hybrid	https://tatoeba.org/en/sentences/show/2221008	CC-BY 2.0 (France) Attribution: tatoeba.org #2221008 (Hybrid) & #4567925 (cueyayotl)	https://creativecommons.org/licenses/by/2.0/fr/
332	363	5707804	arh	https://tatoeba.org/en/sentences/show/5707804	4054941	CK	https://tatoeba.org/en/sentences/show/4054941	CC-BY 2.0 (France) Attribution: tatoeba.org #4054941 (CK) & #5707804 (arh)	https://creativecommons.org/licenses/by/2.0/fr/
333	364	4344850	pchamorro	https://tatoeba.org/en/sentences/show/4344850	3826022	CK	https://tatoeba.org/en/sentences/show/3826022	CC-BY 2.0 (France) Attribution: tatoeba.org #3826022 (CK) & #4344850 (pchamorro)	https://creativecommons.org/licenses/by/2.0/fr/
334	365	5048438	don_ramon	https://tatoeba.org/en/sentences/show/5048438	3826022	CK	https://tatoeba.org/en/sentences/show/3826022	CC-BY 2.0 (France) Attribution: tatoeba.org #3826022 (CK) & #5048438 (don_ramon)	https://creativecommons.org/licenses/by/2.0/fr/
335	366	5048439	don_ramon	https://tatoeba.org/en/sentences/show/5048439	3826022	CK	https://tatoeba.org/en/sentences/show/3826022	CC-BY 2.0 (France) Attribution: tatoeba.org #3826022 (CK) & #5048439 (don_ramon)	https://creativecommons.org/licenses/by/2.0/fr/
336	367	5797129	arh	https://tatoeba.org/en/sentences/show/5797129	1275396	jakov	https://tatoeba.org/en/sentences/show/1275396	CC-BY 2.0 (France) Attribution: tatoeba.org #1275396 (jakov) & #5797129 (arh)	https://creativecommons.org/licenses/by/2.0/fr/
337	368	576609	Shishir	https://tatoeba.org/en/sentences/show/576609	1954265	CK	https://tatoeba.org/en/sentences/show/1954265	CC-BY 2.0 (France) Attribution: tatoeba.org #1954265 (CK) & #576609 (Shishir)	https://creativecommons.org/licenses/by/2.0/fr/
338	369	5057157	don_ramon	https://tatoeba.org/en/sentences/show/5057157	2203855	CK	https://tatoeba.org/en/sentences/show/2203855	CC-BY 2.0 (France) Attribution: tatoeba.org #2203855 (CK) & #5057157 (don_ramon)	https://creativecommons.org/licenses/by/2.0/fr/
339	370	5057158	don_ramon	https://tatoeba.org/en/sentences/show/5057158	2203855	CK	https://tatoeba.org/en/sentences/show/2203855	CC-BY 2.0 (France) Attribution: tatoeba.org #2203855 (CK) & #5057158 (don_ramon)	https://creativecommons.org/licenses/by/2.0/fr/
340	371	5057159	don_ramon	https://tatoeba.org/en/sentences/show/5057159	2203855	CK	https://tatoeba.org/en/sentences/show/2203855	CC-BY 2.0 (France) Attribution: tatoeba.org #2203855 (CK) & #5057159 (don_ramon)	https://creativecommons.org/licenses/by/2.0/fr/
341	372	5683602	cueyayotl	https://tatoeba.org/en/sentences/show/5683602	239441	CM	https://tatoeba.org/en/sentences/show/239441	CC-BY 2.0 (France) Attribution: tatoeba.org #239441 (CM) & #5683602 (cueyayotl)	https://creativecommons.org/licenses/by/2.0/fr/
342	373	5769232	arh	https://tatoeba.org/en/sentences/show/5769232	239441	CM	https://tatoeba.org/en/sentences/show/239441	CC-BY 2.0 (France) Attribution: tatoeba.org #239441 (CM) & #5769232 (arh)	https://creativecommons.org/licenses/by/2.0/fr/
343	374	5769254	arh	https://tatoeba.org/en/sentences/show/5769254	2946394	alvations	https://tatoeba.org/en/sentences/show/2946394	CC-BY 2.0 (France) Attribution: tatoeba.org #2946394 (alvations) & #5769254 (arh)	https://creativecommons.org/licenses/by/2.0/fr/
344	375	728700	Shishir	https://tatoeba.org/en/sentences/show/728700	280162	CM	https://tatoeba.org/en/sentences/show/280162	CC-BY 2.0 (France) Attribution: tatoeba.org #280162 (CM) & #728700 (Shishir)	https://creativecommons.org/licenses/by/2.0/fr/
345	376	4557195	swyter	https://tatoeba.org/en/sentences/show/4557195	1954267	CK	https://tatoeba.org/en/sentences/show/1954267	CC-BY 2.0 (France) Attribution: tatoeba.org #1954267 (CK) & #4557195 (swyter)	https://creativecommons.org/licenses/by/2.0/fr/
346	377	10189220	Seael	https://tatoeba.org/en/sentences/show/10189220	11915725	CK	https://tatoeba.org/en/sentences/show/11915725	CC-BY 2.0 (France) Attribution: tatoeba.org #11915725 (CK) & #10189220 (Seael)	https://creativecommons.org/licenses/by/2.0/fr/
347	378	963095	hundo	https://tatoeba.org/en/sentences/show/963095	773587	marloncori	https://tatoeba.org/en/sentences/show/773587	CC-BY 2.0 (France) Attribution: tatoeba.org #773587 (marloncori) & #963095 (hundo)	https://creativecommons.org/licenses/by/2.0/fr/
348	379	6726922	cueyayotl	https://tatoeba.org/en/sentences/show/6726922	9144759	CK	https://tatoeba.org/en/sentences/show/9144759	CC-BY 2.0 (France) Attribution: tatoeba.org #9144759 (CK) & #6726922 (cueyayotl)	https://creativecommons.org/licenses/by/2.0/fr/
349	381	5048274	don_ramon	https://tatoeba.org/en/sentences/show/5048274	2111838	CK	https://tatoeba.org/en/sentences/show/2111838	CC-BY 2.0 (France) Attribution: tatoeba.org #2111838 (CK) & #5048274 (don_ramon)	https://creativecommons.org/licenses/by/2.0/fr/
350	382	5048276	don_ramon	https://tatoeba.org/en/sentences/show/5048276	2111838	CK	https://tatoeba.org/en/sentences/show/2111838	CC-BY 2.0 (France) Attribution: tatoeba.org #2111838 (CK) & #5048276 (don_ramon)	https://creativecommons.org/licenses/by/2.0/fr/
351	383	5048278	don_ramon	https://tatoeba.org/en/sentences/show/5048278	2111838	CK	https://tatoeba.org/en/sentences/show/2111838	CC-BY 2.0 (France) Attribution: tatoeba.org #2111838 (CK) & #5048278 (don_ramon)	https://creativecommons.org/licenses/by/2.0/fr/
352	384	5048281	don_ramon	https://tatoeba.org/en/sentences/show/5048281	2111838	CK	https://tatoeba.org/en/sentences/show/2111838	CC-BY 2.0 (France) Attribution: tatoeba.org #2111838 (CK) & #5048281 (don_ramon)	https://creativecommons.org/licenses/by/2.0/fr/
353	385	5669438	arh	https://tatoeba.org/en/sentences/show/5669438	2111838	CK	https://tatoeba.org/en/sentences/show/2111838	CC-BY 2.0 (France) Attribution: tatoeba.org #2111838 (CK) & #5669438 (arh)	https://creativecommons.org/licenses/by/2.0/fr/
354	386	5669440	arh	https://tatoeba.org/en/sentences/show/5669440	2111838	CK	https://tatoeba.org/en/sentences/show/2111838	CC-BY 2.0 (France) Attribution: tatoeba.org #2111838 (CK) & #5669440 (arh)	https://creativecommons.org/licenses/by/2.0/fr/
355	387	3389784	marcelostockle	https://tatoeba.org/en/sentences/show/3389784	3172185	CK	https://tatoeba.org/en/sentences/show/3172185	CC-BY 2.0 (France) Attribution: tatoeba.org #3172185 (CK) & #3389784 (marcelostockle)	https://creativecommons.org/licenses/by/2.0/fr/
356	393	7263728	arh	https://tatoeba.org/en/sentences/show/7263728	268087	CM	https://tatoeba.org/en/sentences/show/268087	CC-BY 2.0 (France) Attribution: tatoeba.org #268087 (CM) & #7263728 (arh)	https://creativecommons.org/licenses/by/2.0/fr/
357	394	7263729	arh	https://tatoeba.org/en/sentences/show/7263729	268087	CM	https://tatoeba.org/en/sentences/show/268087	CC-BY 2.0 (France) Attribution: tatoeba.org #268087 (CM) & #7263729 (arh)	https://creativecommons.org/licenses/by/2.0/fr/
358	395	4557196	swyter	https://tatoeba.org/en/sentences/show/4557196	1954269	CK	https://tatoeba.org/en/sentences/show/1954269	CC-BY 2.0 (France) Attribution: tatoeba.org #1954269 (CK) & #4557196 (swyter)	https://creativecommons.org/licenses/by/2.0/fr/
359	396	4557197	swyter	https://tatoeba.org/en/sentences/show/4557197	1954269	CK	https://tatoeba.org/en/sentences/show/1954269	CC-BY 2.0 (France) Attribution: tatoeba.org #1954269 (CK) & #4557197 (swyter)	https://creativecommons.org/licenses/by/2.0/fr/
360	397	623622	Shishir	https://tatoeba.org/en/sentences/show/623622	623565	Dorenda	https://tatoeba.org/en/sentences/show/623565	CC-BY 2.0 (France) Attribution: tatoeba.org #623565 (Dorenda) & #623622 (Shishir)	https://creativecommons.org/licenses/by/2.0/fr/
361	402	5769237	arh	https://tatoeba.org/en/sentences/show/5769237	854500	CK	https://tatoeba.org/en/sentences/show/854500	CC-BY 2.0 (France) Attribution: tatoeba.org #854500 (CK) & #5769237 (arh)	https://creativecommons.org/licenses/by/2.0/fr/
362	404	1443713	marcelostockle	https://tatoeba.org/en/sentences/show/1443713	326067	CM	https://tatoeba.org/en/sentences/show/326067	CC-BY 2.0 (France) Attribution: tatoeba.org #326067 (CM) & #1443713 (marcelostockle)	https://creativecommons.org/licenses/by/2.0/fr/
363	405	449333	Ignatius881	https://tatoeba.org/en/sentences/show/449333	1324400	Scott	https://tatoeba.org/en/sentences/show/1324400	CC-BY 2.0 (France) Attribution: tatoeba.org #1324400 (Scott) & #449333 (Ignatius881)	https://creativecommons.org/licenses/by/2.0/fr/
364	406	536647	Shishir	https://tatoeba.org/en/sentences/show/536647	38590	CM	https://tatoeba.org/en/sentences/show/38590	CC-BY 2.0 (France) Attribution: tatoeba.org #38590 (CM) & #536647 (Shishir)	https://creativecommons.org/licenses/by/2.0/fr/
365	409	2117449	Shishir	https://tatoeba.org/en/sentences/show/2117449	1954270	CK	https://tatoeba.org/en/sentences/show/1954270	CC-BY 2.0 (France) Attribution: tatoeba.org #1954270 (CK) & #2117449 (Shishir)	https://creativecommons.org/licenses/by/2.0/fr/
366	410	4508612	cueyayotl	https://tatoeba.org/en/sentences/show/4508612	1954270	CK	https://tatoeba.org/en/sentences/show/1954270	CC-BY 2.0 (France) Attribution: tatoeba.org #1954270 (CK) & #4508612 (cueyayotl)	https://creativecommons.org/licenses/by/2.0/fr/
367	411	4508613	cueyayotl	https://tatoeba.org/en/sentences/show/4508613	1954270	CK	https://tatoeba.org/en/sentences/show/1954270	CC-BY 2.0 (France) Attribution: tatoeba.org #1954270 (CK) & #4508613 (cueyayotl)	https://creativecommons.org/licenses/by/2.0/fr/
368	412	4508614	cueyayotl	https://tatoeba.org/en/sentences/show/4508614	1954270	CK	https://tatoeba.org/en/sentences/show/1954270	CC-BY 2.0 (France) Attribution: tatoeba.org #1954270 (CK) & #4508614 (cueyayotl)	https://creativecommons.org/licenses/by/2.0/fr/
369	413	6686526	arh	https://tatoeba.org/en/sentences/show/6686526	7163239	Sleekkat	https://tatoeba.org/en/sentences/show/7163239	CC-BY 2.0 (France) Attribution: tatoeba.org #7163239 (Sleekkat) & #6686526 (arh)	https://creativecommons.org/licenses/by/2.0/fr/
370	414	1434305	marcelostockle	https://tatoeba.org/en/sentences/show/1434305	1021038	Quazel	https://tatoeba.org/en/sentences/show/1021038	CC-BY 2.0 (France) Attribution: tatoeba.org #1021038 (Quazel) & #1434305 (marcelostockle)	https://creativecommons.org/licenses/by/2.0/fr/
371	415	2604321	marcelostockle	https://tatoeba.org/en/sentences/show/2604321	1972639	CK	https://tatoeba.org/en/sentences/show/1972639	CC-BY 2.0 (France) Attribution: tatoeba.org #1972639 (CK) & #2604321 (marcelostockle)	https://creativecommons.org/licenses/by/2.0/fr/
372	416	1432374	marcelostockle	https://tatoeba.org/en/sentences/show/1432374	285184	CK	https://tatoeba.org/en/sentences/show/285184	CC-BY 2.0 (France) Attribution: tatoeba.org #285184 (CK) & #1432374 (marcelostockle)	https://creativecommons.org/licenses/by/2.0/fr/
373	417	5575147	marcelostockle	https://tatoeba.org/en/sentences/show/5575147	21267	CK	https://tatoeba.org/en/sentences/show/21267	CC-BY 2.0 (France) Attribution: tatoeba.org #21267 (CK) & #5575147 (marcelostockle)	https://creativecommons.org/licenses/by/2.0/fr/
374	418	5749745	marcelostockle	https://tatoeba.org/en/sentences/show/5749745	21267	CK	https://tatoeba.org/en/sentences/show/21267	CC-BY 2.0 (France) Attribution: tatoeba.org #21267 (CK) & #5749745 (marcelostockle)	https://creativecommons.org/licenses/by/2.0/fr/
375	419	5749746	marcelostockle	https://tatoeba.org/en/sentences/show/5749746	21267	CK	https://tatoeba.org/en/sentences/show/21267	CC-BY 2.0 (France) Attribution: tatoeba.org #21267 (CK) & #5749746 (marcelostockle)	https://creativecommons.org/licenses/by/2.0/fr/
376	420	1264086	Shishir	https://tatoeba.org/en/sentences/show/1264086	1564976	marcelostockle	https://tatoeba.org/en/sentences/show/1564976	CC-BY 2.0 (France) Attribution: tatoeba.org #1564976 (marcelostockle) & #1264086 (Shishir)	https://creativecommons.org/licenses/by/2.0/fr/
377	421	638131	Shishir	https://tatoeba.org/en/sentences/show/638131	288166	CM	https://tatoeba.org/en/sentences/show/288166	CC-BY 2.0 (France) Attribution: tatoeba.org #288166 (CM) & #638131 (Shishir)	https://creativecommons.org/licenses/by/2.0/fr/
378	422	638132	Shishir	https://tatoeba.org/en/sentences/show/638132	288166	CM	https://tatoeba.org/en/sentences/show/288166	CC-BY 2.0 (France) Attribution: tatoeba.org #288166 (CM) & #638132 (Shishir)	https://creativecommons.org/licenses/by/2.0/fr/
379	423	4512989	cueyayotl	https://tatoeba.org/en/sentences/show/4512989	2203858	CK	https://tatoeba.org/en/sentences/show/2203858	CC-BY 2.0 (France) Attribution: tatoeba.org #2203858 (CK) & #4512989 (cueyayotl)	https://creativecommons.org/licenses/by/2.0/fr/
380	424	4557745	swyter	https://tatoeba.org/en/sentences/show/4557745	2561375	Hybrid	https://tatoeba.org/en/sentences/show/2561375	CC-BY 2.0 (France) Attribution: tatoeba.org #2561375 (Hybrid) & #4557745 (swyter)	https://creativecommons.org/licenses/by/2.0/fr/
381	425	4557747	swyter	https://tatoeba.org/en/sentences/show/4557747	2561375	Hybrid	https://tatoeba.org/en/sentences/show/2561375	CC-BY 2.0 (France) Attribution: tatoeba.org #2561375 (Hybrid) & #4557747 (swyter)	https://creativecommons.org/licenses/by/2.0/fr/
382	426	4557749	swyter	https://tatoeba.org/en/sentences/show/4557749	2561375	Hybrid	https://tatoeba.org/en/sentences/show/2561375	CC-BY 2.0 (France) Attribution: tatoeba.org #2561375 (Hybrid) & #4557749 (swyter)	https://creativecommons.org/licenses/by/2.0/fr/
383	427	4557753	swyter	https://tatoeba.org/en/sentences/show/4557753	2561375	Hybrid	https://tatoeba.org/en/sentences/show/2561375	CC-BY 2.0 (France) Attribution: tatoeba.org #2561375 (Hybrid) & #4557753 (swyter)	https://creativecommons.org/licenses/by/2.0/fr/
384	428	4557755	swyter	https://tatoeba.org/en/sentences/show/4557755	2561375	Hybrid	https://tatoeba.org/en/sentences/show/2561375	CC-BY 2.0 (France) Attribution: tatoeba.org #2561375 (Hybrid) & #4557755 (swyter)	https://creativecommons.org/licenses/by/2.0/fr/
385	429	4557756	swyter	https://tatoeba.org/en/sentences/show/4557756	2561375	Hybrid	https://tatoeba.org/en/sentences/show/2561375	CC-BY 2.0 (France) Attribution: tatoeba.org #2561375 (Hybrid) & #4557756 (swyter)	https://creativecommons.org/licenses/by/2.0/fr/
386	430	512456	Shishir	https://tatoeba.org/en/sentences/show/512456	36097	CM	https://tatoeba.org/en/sentences/show/36097	CC-BY 2.0 (France) Attribution: tatoeba.org #36097 (CM) & #512456 (Shishir)	https://creativecommons.org/licenses/by/2.0/fr/
387	431	1123446	Ephraim	https://tatoeba.org/en/sentences/show/1123446	37612	CM	https://tatoeba.org/en/sentences/show/37612	CC-BY 2.0 (France) Attribution: tatoeba.org #37612 (CM) & #1123446 (Ephraim)	https://creativecommons.org/licenses/by/2.0/fr/
388	432	1480592	letras_de_aire	https://tatoeba.org/en/sentences/show/1480592	37612	CM	https://tatoeba.org/en/sentences/show/37612	CC-BY 2.0 (France) Attribution: tatoeba.org #37612 (CM) & #1480592 (letras_de_aire)	https://creativecommons.org/licenses/by/2.0/fr/
389	433	5770446	swyter	https://tatoeba.org/en/sentences/show/5770446	1954271	CM	https://tatoeba.org/en/sentences/show/1954271	CC-BY 2.0 (France) Attribution: tatoeba.org #1954271 (CM) & #5770446 (swyter)	https://creativecommons.org/licenses/by/2.0/fr/
390	434	5770447	swyter	https://tatoeba.org/en/sentences/show/5770447	1954271	CM	https://tatoeba.org/en/sentences/show/1954271	CC-BY 2.0 (France) Attribution: tatoeba.org #1954271 (CM) & #5770447 (swyter)	https://creativecommons.org/licenses/by/2.0/fr/
391	436	1173024	marcelostockle	https://tatoeba.org/en/sentences/show/1173024	1329	brauliobezerra	https://tatoeba.org/en/sentences/show/1329	CC-BY 2.0 (France) Attribution: tatoeba.org #1329 (brauliobezerra) & #1173024 (marcelostockle)	https://creativecommons.org/licenses/by/2.0/fr/
392	437	1248469	Shishir	https://tatoeba.org/en/sentences/show/1248469	1329	brauliobezerra	https://tatoeba.org/en/sentences/show/1329	CC-BY 2.0 (France) Attribution: tatoeba.org #1329 (brauliobezerra) & #1248469 (Shishir)	https://creativecommons.org/licenses/by/2.0/fr/
393	438	5024609	don_ramon	https://tatoeba.org/en/sentences/show/5024609	1329	brauliobezerra	https://tatoeba.org/en/sentences/show/1329	CC-BY 2.0 (France) Attribution: tatoeba.org #1329 (brauliobezerra) & #5024609 (don_ramon)	https://creativecommons.org/licenses/by/2.0/fr/
394	439	4557722	swyter	https://tatoeba.org/en/sentences/show/4557722	2455128	CK	https://tatoeba.org/en/sentences/show/2455128	CC-BY 2.0 (France) Attribution: tatoeba.org #2455128 (CK) & #4557722 (swyter)	https://creativecommons.org/licenses/by/2.0/fr/
395	440	4557726	swyter	https://tatoeba.org/en/sentences/show/4557726	2455128	CK	https://tatoeba.org/en/sentences/show/2455128	CC-BY 2.0 (France) Attribution: tatoeba.org #2455128 (CK) & #4557726 (swyter)	https://creativecommons.org/licenses/by/2.0/fr/
396	441	4557728	swyter	https://tatoeba.org/en/sentences/show/4557728	2455128	CK	https://tatoeba.org/en/sentences/show/2455128	CC-BY 2.0 (France) Attribution: tatoeba.org #2455128 (CK) & #4557728 (swyter)	https://creativecommons.org/licenses/by/2.0/fr/
397	442	1705592	marcelostockle	https://tatoeba.org/en/sentences/show/1705592	1547545	CM	https://tatoeba.org/en/sentences/show/1547545	CC-BY 2.0 (France) Attribution: tatoeba.org #1547545 (CM) & #1705592 (marcelostockle)	https://creativecommons.org/licenses/by/2.0/fr/
398	443	2333094	marcelostockle	https://tatoeba.org/en/sentences/show/2333094	2332094	Sharaf78	https://tatoeba.org/en/sentences/show/2332094	CC-BY 2.0 (France) Attribution: tatoeba.org #2332094 (Sharaf78) & #2333094 (marcelostockle)	https://creativecommons.org/licenses/by/2.0/fr/
399	444	4505636	cueyayotl	https://tatoeba.org/en/sentences/show/4505636	2332094	Sharaf78	https://tatoeba.org/en/sentences/show/2332094	CC-BY 2.0 (France) Attribution: tatoeba.org #2332094 (Sharaf78) & #4505636 (cueyayotl)	https://creativecommons.org/licenses/by/2.0/fr/
400	445	4521968	cueyayotl	https://tatoeba.org/en/sentences/show/4521968	3092548	CK	https://tatoeba.org/en/sentences/show/3092548	CC-BY 2.0 (France) Attribution: tatoeba.org #3092548 (CK) & #4521968 (cueyayotl)	https://creativecommons.org/licenses/by/2.0/fr/
401	446	8410520	arh	https://tatoeba.org/en/sentences/show/8410520	8397701	CK	https://tatoeba.org/en/sentences/show/8397701	CC-BY 2.0 (France) Attribution: tatoeba.org #8397701 (CK) & #8410520 (arh)	https://creativecommons.org/licenses/by/2.0/fr/
402	447	8410521	arh	https://tatoeba.org/en/sentences/show/8410521	8397701	CK	https://tatoeba.org/en/sentences/show/8397701	CC-BY 2.0 (France) Attribution: tatoeba.org #8397701 (CK) & #8410521 (arh)	https://creativecommons.org/licenses/by/2.0/fr/
403	448	5769259	arh	https://tatoeba.org/en/sentences/show/5769259	4498134	CK	https://tatoeba.org/en/sentences/show/4498134	CC-BY 2.0 (France) Attribution: tatoeba.org #4498134 (CK) & #5769259 (arh)	https://creativecommons.org/licenses/by/2.0/fr/
404	449	2625373	Shishir	https://tatoeba.org/en/sentences/show/2625373	2549832	CK	https://tatoeba.org/en/sentences/show/2549832	CC-BY 2.0 (France) Attribution: tatoeba.org #2549832 (CK) & #2625373 (Shishir)	https://creativecommons.org/licenses/by/2.0/fr/
405	450	4986965	cueyayotl	https://tatoeba.org/en/sentences/show/4986965	2484985	AlanF_US	https://tatoeba.org/en/sentences/show/2484985	CC-BY 2.0 (France) Attribution: tatoeba.org #2484985 (AlanF_US) & #4986965 (cueyayotl)	https://creativecommons.org/licenses/by/2.0/fr/
406	451	9453387	ignacio	https://tatoeba.org/en/sentences/show/9453387	2484985	AlanF_US	https://tatoeba.org/en/sentences/show/2484985	CC-BY 2.0 (France) Attribution: tatoeba.org #2484985 (AlanF_US) & #9453387 (ignacio)	https://creativecommons.org/licenses/by/2.0/fr/
407	452	1582696	Alba	https://tatoeba.org/en/sentences/show/1582696	436603	lukaszpp	https://tatoeba.org/en/sentences/show/436603	CC-BY 2.0 (France) Attribution: tatoeba.org #436603 (lukaszpp) & #1582696 (Alba)	https://creativecommons.org/licenses/by/2.0/fr/
408	453	5769253	arh	https://tatoeba.org/en/sentences/show/5769253	2476830	arnxy20	https://tatoeba.org/en/sentences/show/2476830	CC-BY 2.0 (France) Attribution: tatoeba.org #2476830 (arnxy20) & #5769253 (arh)	https://creativecommons.org/licenses/by/2.0/fr/
409	454	576615	Shishir	https://tatoeba.org/en/sentences/show/576615	1691393	aka_aj	https://tatoeba.org/en/sentences/show/1691393	CC-BY 2.0 (France) Attribution: tatoeba.org #1691393 (aka_aj) & #576615 (Shishir)	https://creativecommons.org/licenses/by/2.0/fr/
410	455	5769236	arh	https://tatoeba.org/en/sentences/show/5769236	433472	CK	https://tatoeba.org/en/sentences/show/433472	CC-BY 2.0 (France) Attribution: tatoeba.org #433472 (CK) & #5769236 (arh)	https://creativecommons.org/licenses/by/2.0/fr/
411	456	7859467	arh	https://tatoeba.org/en/sentences/show/7859467	9564925	DJ_Saidez	https://tatoeba.org/en/sentences/show/9564925	CC-BY 2.0 (France) Attribution: tatoeba.org #9564925 (DJ_Saidez) & #7859467 (arh)	https://creativecommons.org/licenses/by/2.0/fr/
412	457	9423053	ignacio	https://tatoeba.org/en/sentences/show/9423053	5828630	CK	https://tatoeba.org/en/sentences/show/5828630	CC-BY 2.0 (France) Attribution: tatoeba.org #5828630 (CK) & #9423053 (ignacio)	https://creativecommons.org/licenses/by/2.0/fr/
413	458	7634519	arh	https://tatoeba.org/en/sentences/show/7634519	5828631	CK	https://tatoeba.org/en/sentences/show/5828631	CC-BY 2.0 (France) Attribution: tatoeba.org #5828631 (CK) & #7634519 (arh)	https://creativecommons.org/licenses/by/2.0/fr/
414	459	9423054	ignacio	https://tatoeba.org/en/sentences/show/9423054	5828632	CK	https://tatoeba.org/en/sentences/show/5828632	CC-BY 2.0 (France) Attribution: tatoeba.org #5828632 (CK) & #9423054 (ignacio)	https://creativecommons.org/licenses/by/2.0/fr/
415	460	4526795	cueyayotl	https://tatoeba.org/en/sentences/show/4526795	1357258	sacredceltic	https://tatoeba.org/en/sentences/show/1357258	CC-BY 2.0 (France) Attribution: tatoeba.org #1357258 (sacredceltic) & #4526795 (cueyayotl)	https://creativecommons.org/licenses/by/2.0/fr/
416	461	9423060	ignacio	https://tatoeba.org/en/sentences/show/9423060	5828637	CK	https://tatoeba.org/en/sentences/show/5828637	CC-BY 2.0 (France) Attribution: tatoeba.org #5828637 (CK) & #9423060 (ignacio)	https://creativecommons.org/licenses/by/2.0/fr/
417	462	5669425	arh	https://tatoeba.org/en/sentences/show/5669425	3930181	Youmu970	https://tatoeba.org/en/sentences/show/3930181	CC-BY 2.0 (France) Attribution: tatoeba.org #3930181 (Youmu970) & #5669425 (arh)	https://creativecommons.org/licenses/by/2.0/fr/
418	464	731632	Shishir	https://tatoeba.org/en/sentences/show/731632	731590	Eldad	https://tatoeba.org/en/sentences/show/731590	CC-BY 2.0 (France) Attribution: tatoeba.org #731590 (Eldad) & #731632 (Shishir)	https://creativecommons.org/licenses/by/2.0/fr/
419	465	6683741	arh	https://tatoeba.org/en/sentences/show/6683741	7538189	CK	https://tatoeba.org/en/sentences/show/7538189	CC-BY 2.0 (France) Attribution: tatoeba.org #7538189 (CK) & #6683741 (arh)	https://creativecommons.org/licenses/by/2.0/fr/
420	466	531463	Shishir	https://tatoeba.org/en/sentences/show/531463	2247397	CK	https://tatoeba.org/en/sentences/show/2247397	CC-BY 2.0 (France) Attribution: tatoeba.org #2247397 (CK) & #531463 (Shishir)	https://creativecommons.org/licenses/by/2.0/fr/
421	467	9423055	ignacio	https://tatoeba.org/en/sentences/show/9423055	5828638	CK	https://tatoeba.org/en/sentences/show/5828638	CC-BY 2.0 (France) Attribution: tatoeba.org #5828638 (CK) & #9423055 (ignacio)	https://creativecommons.org/licenses/by/2.0/fr/
422	468	7623643	arh	https://tatoeba.org/en/sentences/show/7623643	7538191	CK	https://tatoeba.org/en/sentences/show/7538191	CC-BY 2.0 (France) Attribution: tatoeba.org #7538191 (CK) & #7623643 (arh)	https://creativecommons.org/licenses/by/2.0/fr/
423	469	5147460	Kary	https://tatoeba.org/en/sentences/show/5147460	3651941	Luciosp	https://tatoeba.org/en/sentences/show/3651941	CC-BY 2.0 (France) Attribution: tatoeba.org #3651941 (Luciosp) & #5147460 (Kary)	https://creativecommons.org/licenses/by/2.0/fr/
424	470	4557571	swyter	https://tatoeba.org/en/sentences/show/4557571	2123630	CK	https://tatoeba.org/en/sentences/show/2123630	CC-BY 2.0 (France) Attribution: tatoeba.org #2123630 (CK) & #4557571 (swyter)	https://creativecommons.org/licenses/by/2.0/fr/
425	471	6686448	arh	https://tatoeba.org/en/sentences/show/6686448	5828639	CK	https://tatoeba.org/en/sentences/show/5828639	CC-BY 2.0 (France) Attribution: tatoeba.org #5828639 (CK) & #6686448 (arh)	https://creativecommons.org/licenses/by/2.0/fr/
426	472	6686449	arh	https://tatoeba.org/en/sentences/show/6686449	5828639	CK	https://tatoeba.org/en/sentences/show/5828639	CC-BY 2.0 (France) Attribution: tatoeba.org #5828639 (CK) & #6686449 (arh)	https://creativecommons.org/licenses/by/2.0/fr/
427	473	6686452	arh	https://tatoeba.org/en/sentences/show/6686452	5828639	CK	https://tatoeba.org/en/sentences/show/5828639	CC-BY 2.0 (France) Attribution: tatoeba.org #5828639 (CK) & #6686452 (arh)	https://creativecommons.org/licenses/by/2.0/fr/
428	474	6686453	arh	https://tatoeba.org/en/sentences/show/6686453	5828639	CK	https://tatoeba.org/en/sentences/show/5828639	CC-BY 2.0 (France) Attribution: tatoeba.org #5828639 (CK) & #6686453 (arh)	https://creativecommons.org/licenses/by/2.0/fr/
429	475	1443714	marcelostockle	https://tatoeba.org/en/sentences/show/1443714	254813	CK	https://tatoeba.org/en/sentences/show/254813	CC-BY 2.0 (France) Attribution: tatoeba.org #254813 (CK) & #1443714 (marcelostockle)	https://creativecommons.org/licenses/by/2.0/fr/
430	476	5769243	arh	https://tatoeba.org/en/sentences/show/5769243	2123628	CK	https://tatoeba.org/en/sentences/show/2123628	CC-BY 2.0 (France) Attribution: tatoeba.org #2123628 (CK) & #5769243 (arh)	https://creativecommons.org/licenses/by/2.0/fr/
431	477	615668	Leono	https://tatoeba.org/en/sentences/show/615668	411285	CK	https://tatoeba.org/en/sentences/show/411285	CC-BY 2.0 (France) Attribution: tatoeba.org #411285 (CK) & #615668 (Leono)	https://creativecommons.org/licenses/by/2.0/fr/
432	478	591718	Shishir	https://tatoeba.org/en/sentences/show/591718	564159	darinmex	https://tatoeba.org/en/sentences/show/564159	CC-BY 2.0 (France) Attribution: tatoeba.org #564159 (darinmex) & #591718 (Shishir)	https://creativecommons.org/licenses/by/2.0/fr/
433	479	1549494	cueyayotl	https://tatoeba.org/en/sentences/show/1549494	564159	darinmex	https://tatoeba.org/en/sentences/show/564159	CC-BY 2.0 (France) Attribution: tatoeba.org #564159 (darinmex) & #1549494 (cueyayotl)	https://creativecommons.org/licenses/by/2.0/fr/
434	480	10154972	Shishir	https://tatoeba.org/en/sentences/show/10154972	564159	darinmex	https://tatoeba.org/en/sentences/show/564159	CC-BY 2.0 (France) Attribution: tatoeba.org #564159 (darinmex) & #10154972 (Shishir)	https://creativecommons.org/licenses/by/2.0/fr/
435	481	3410159	gianich73	https://tatoeba.org/en/sentences/show/3410159	3330667	CK	https://tatoeba.org/en/sentences/show/3330667	CC-BY 2.0 (France) Attribution: tatoeba.org #3330667 (CK) & #3410159 (gianich73)	https://creativecommons.org/licenses/by/2.0/fr/
436	482	3562758	ficion	https://tatoeba.org/en/sentences/show/3562758	3330667	CK	https://tatoeba.org/en/sentences/show/3330667	CC-BY 2.0 (France) Attribution: tatoeba.org #3330667 (CK) & #3562758 (ficion)	https://creativecommons.org/licenses/by/2.0/fr/
437	483	5769255	arh	https://tatoeba.org/en/sentences/show/5769255	2948173	Joseph	https://tatoeba.org/en/sentences/show/2948173	CC-BY 2.0 (France) Attribution: tatoeba.org #2948173 (Joseph) & #5769255 (arh)	https://creativecommons.org/licenses/by/2.0/fr/
438	484	5797130	arh	https://tatoeba.org/en/sentences/show/5797130	2202692	CK	https://tatoeba.org/en/sentences/show/2202692	CC-BY 2.0 (France) Attribution: tatoeba.org #2202692 (CK) & #5797130 (arh)	https://creativecommons.org/licenses/by/2.0/fr/
439	485	9443851	ignacio	https://tatoeba.org/en/sentences/show/9443851	5828646	CK	https://tatoeba.org/en/sentences/show/5828646	CC-BY 2.0 (France) Attribution: tatoeba.org #5828646 (CK) & #9443851 (ignacio)	https://creativecommons.org/licenses/by/2.0/fr/
440	486	4637891	Francisco_M	https://tatoeba.org/en/sentences/show/4637891	2202792	CK	https://tatoeba.org/en/sentences/show/2202792	CC-BY 2.0 (France) Attribution: tatoeba.org #2202792 (CK) & #4637891 (Francisco_M)	https://creativecommons.org/licenses/by/2.0/fr/
441	487	7551140	arh	https://tatoeba.org/en/sentences/show/7551140	2202792	CK	https://tatoeba.org/en/sentences/show/2202792	CC-BY 2.0 (France) Attribution: tatoeba.org #2202792 (CK) & #7551140 (arh)	https://creativecommons.org/licenses/by/2.0/fr/
442	489	4557835	swyter	https://tatoeba.org/en/sentences/show/4557835	255173	CK	https://tatoeba.org/en/sentences/show/255173	CC-BY 2.0 (France) Attribution: tatoeba.org #255173 (CK) & #4557835 (swyter)	https://creativecommons.org/licenses/by/2.0/fr/
443	490	5769246	arh	https://tatoeba.org/en/sentences/show/5769246	2202832	CK	https://tatoeba.org/en/sentences/show/2202832	CC-BY 2.0 (France) Attribution: tatoeba.org #2202832 (CK) & #5769246 (arh)	https://creativecommons.org/licenses/by/2.0/fr/
444	491	5769233	arh	https://tatoeba.org/en/sentences/show/5769233	257272	Eldad	https://tatoeba.org/en/sentences/show/257272	CC-BY 2.0 (France) Attribution: tatoeba.org #257272 (Eldad) & #5769233 (arh)	https://creativecommons.org/licenses/by/2.0/fr/
445	492	1888674	hayastan	https://tatoeba.org/en/sentences/show/1888674	1888443	Spamster	https://tatoeba.org/en/sentences/show/1888443	CC-BY 2.0 (France) Attribution: tatoeba.org #1888443 (Spamster) & #1888674 (hayastan)	https://creativecommons.org/licenses/by/2.0/fr/
446	493	3857746	cueyayotl	https://tatoeba.org/en/sentences/show/3857746	1888443	Spamster	https://tatoeba.org/en/sentences/show/1888443	CC-BY 2.0 (France) Attribution: tatoeba.org #1888443 (Spamster) & #3857746 (cueyayotl)	https://creativecommons.org/licenses/by/2.0/fr/
447	494	977447	hayastan	https://tatoeba.org/en/sentences/show/977447	23959	CK	https://tatoeba.org/en/sentences/show/23959	CC-BY 2.0 (France) Attribution: tatoeba.org #23959 (CK) & #977447 (hayastan)	https://creativecommons.org/licenses/by/2.0/fr/
448	495	520784	Shishir	https://tatoeba.org/en/sentences/show/520784	433863	CK	https://tatoeba.org/en/sentences/show/433863	CC-BY 2.0 (France) Attribution: tatoeba.org #433863 (CK) & #520784 (Shishir)	https://creativecommons.org/licenses/by/2.0/fr/
449	496	520789	Shishir	https://tatoeba.org/en/sentences/show/520789	433863	CK	https://tatoeba.org/en/sentences/show/433863	CC-BY 2.0 (France) Attribution: tatoeba.org #433863 (CK) & #520789 (Shishir)	https://creativecommons.org/licenses/by/2.0/fr/
450	497	5101739	ecorralest101	https://tatoeba.org/en/sentences/show/5101739	433863	CK	https://tatoeba.org/en/sentences/show/433863	CC-BY 2.0 (France) Attribution: tatoeba.org #433863 (CK) & #5101739 (ecorralest101)	https://creativecommons.org/licenses/by/2.0/fr/
451	498	2005522	Shishir	https://tatoeba.org/en/sentences/show/2005522	2111726	CK	https://tatoeba.org/en/sentences/show/2111726	CC-BY 2.0 (France) Attribution: tatoeba.org #2111726 (CK) & #2005522 (Shishir)	https://creativecommons.org/licenses/by/2.0/fr/
452	499	3490465	gianich73	https://tatoeba.org/en/sentences/show/3490465	2111726	CK	https://tatoeba.org/en/sentences/show/2111726	CC-BY 2.0 (France) Attribution: tatoeba.org #2111726 (CK) & #3490465 (gianich73)	https://creativecommons.org/licenses/by/2.0/fr/
453	500	1013884	hayastan	https://tatoeba.org/en/sentences/show/1013884	2111725	CK	https://tatoeba.org/en/sentences/show/2111725	CC-BY 2.0 (France) Attribution: tatoeba.org #2111725 (CK) & #1013884 (hayastan)	https://creativecommons.org/licenses/by/2.0/fr/
454	501	2566031	hayastan	https://tatoeba.org/en/sentences/show/2566031	2111723	CK	https://tatoeba.org/en/sentences/show/2111723	CC-BY 2.0 (France) Attribution: tatoeba.org #2111723 (CK) & #2566031 (hayastan)	https://creativecommons.org/licenses/by/2.0/fr/
455	502	5769242	arh	https://tatoeba.org/en/sentences/show/5769242	2123622	CK	https://tatoeba.org/en/sentences/show/2123622	CC-BY 2.0 (France) Attribution: tatoeba.org #2123622 (CK) & #5769242 (arh)	https://creativecommons.org/licenses/by/2.0/fr/
456	503	5769247	arh	https://tatoeba.org/en/sentences/show/5769247	2203056	CK	https://tatoeba.org/en/sentences/show/2203056	CC-BY 2.0 (France) Attribution: tatoeba.org #2203056 (CK) & #5769247 (arh)	https://creativecommons.org/licenses/by/2.0/fr/
457	504	1173683	Shishir	https://tatoeba.org/en/sentences/show/1173683	455833	lukaszpp	https://tatoeba.org/en/sentences/show/455833	CC-BY 2.0 (France) Attribution: tatoeba.org #455833 (lukaszpp) & #1173683 (Shishir)	https://creativecommons.org/licenses/by/2.0/fr/
458	505	5769248	arh	https://tatoeba.org/en/sentences/show/5769248	2203077	CK	https://tatoeba.org/en/sentences/show/2203077	CC-BY 2.0 (France) Attribution: tatoeba.org #2203077 (CK) & #5769248 (arh)	https://creativecommons.org/licenses/by/2.0/fr/
459	506	5769256	arh	https://tatoeba.org/en/sentences/show/5769256	3171892	CK	https://tatoeba.org/en/sentences/show/3171892	CC-BY 2.0 (France) Attribution: tatoeba.org #3171892 (CK) & #5769256 (arh)	https://creativecommons.org/licenses/by/2.0/fr/
460	508	454613	Shishir	https://tatoeba.org/en/sentences/show/454613	261477	CK	https://tatoeba.org/en/sentences/show/261477	CC-BY 2.0 (France) Attribution: tatoeba.org #261477 (CK) & #454613 (Shishir)	https://creativecommons.org/licenses/by/2.0/fr/
461	509	2914133	hayastan	https://tatoeba.org/en/sentences/show/2914133	2203289	CK	https://tatoeba.org/en/sentences/show/2203289	CC-BY 2.0 (France) Attribution: tatoeba.org #2203289 (CK) & #2914133 (hayastan)	https://creativecommons.org/licenses/by/2.0/fr/
462	510	2914134	hayastan	https://tatoeba.org/en/sentences/show/2914134	2203289	CK	https://tatoeba.org/en/sentences/show/2203289	CC-BY 2.0 (France) Attribution: tatoeba.org #2203289 (CK) & #2914134 (hayastan)	https://creativecommons.org/licenses/by/2.0/fr/
463	511	5769249	arh	https://tatoeba.org/en/sentences/show/5769249	2203309	CK	https://tatoeba.org/en/sentences/show/2203309	CC-BY 2.0 (France) Attribution: tatoeba.org #2203309 (CK) & #5769249 (arh)	https://creativecommons.org/licenses/by/2.0/fr/
464	512	1989704	Shishir	https://tatoeba.org/en/sentences/show/1989704	780304	vgigregg	https://tatoeba.org/en/sentences/show/780304	CC-BY 2.0 (France) Attribution: tatoeba.org #780304 (vgigregg) & #1989704 (Shishir)	https://creativecommons.org/licenses/by/2.0/fr/
465	513	2906828	hayastan	https://tatoeba.org/en/sentences/show/2906828	2203445	CK	https://tatoeba.org/en/sentences/show/2203445	CC-BY 2.0 (France) Attribution: tatoeba.org #2203445 (CK) & #2906828 (hayastan)	https://creativecommons.org/licenses/by/2.0/fr/
466	514	5769250	arh	https://tatoeba.org/en/sentences/show/5769250	2203445	CK	https://tatoeba.org/en/sentences/show/2203445	CC-BY 2.0 (France) Attribution: tatoeba.org #2203445 (CK) & #5769250 (arh)	https://creativecommons.org/licenses/by/2.0/fr/
467	515	12889365	ecorralest101	https://tatoeba.org/en/sentences/show/12889365	2203445	CK	https://tatoeba.org/en/sentences/show/2203445	CC-BY 2.0 (France) Attribution: tatoeba.org #2203445 (CK) & #12889365 (ecorralest101)	https://creativecommons.org/licenses/by/2.0/fr/
468	516	5769251	arh	https://tatoeba.org/en/sentences/show/5769251	2203456	CK	https://tatoeba.org/en/sentences/show/2203456	CC-BY 2.0 (France) Attribution: tatoeba.org #2203456 (CK) & #5769251 (arh)	https://creativecommons.org/licenses/by/2.0/fr/
469	517	4426178	SemperAutumnus	https://tatoeba.org/en/sentences/show/4426178	2428556	CK	https://tatoeba.org/en/sentences/show/2428556	CC-BY 2.0 (France) Attribution: tatoeba.org #2428556 (CK) & #4426178 (SemperAutumnus)	https://creativecommons.org/licenses/by/2.0/fr/
470	518	5797131	arh	https://tatoeba.org/en/sentences/show/5797131	2713786	CK	https://tatoeba.org/en/sentences/show/2713786	CC-BY 2.0 (France) Attribution: tatoeba.org #2713786 (CK) & #5797131 (arh)	https://creativecommons.org/licenses/by/2.0/fr/
471	519	5057214	don_ramon	https://tatoeba.org/en/sentences/show/5057214	2203572	CK	https://tatoeba.org/en/sentences/show/2203572	CC-BY 2.0 (France) Attribution: tatoeba.org #2203572 (CK) & #5057214 (don_ramon)	https://creativecommons.org/licenses/by/2.0/fr/
472	520	2094591	Shishir	https://tatoeba.org/en/sentences/show/2094591	2203582	CK	https://tatoeba.org/en/sentences/show/2203582	CC-BY 2.0 (France) Attribution: tatoeba.org #2203582 (CK) & #2094591 (Shishir)	https://creativecommons.org/licenses/by/2.0/fr/
473	521	3232049	Shishir	https://tatoeba.org/en/sentences/show/3232049	2283734	CK	https://tatoeba.org/en/sentences/show/2283734	CC-BY 2.0 (France) Attribution: tatoeba.org #2283734 (CK) & #3232049 (Shishir)	https://creativecommons.org/licenses/by/2.0/fr/
474	522	7860097	arh	https://tatoeba.org/en/sentences/show/7860097	11255982	Luornu	https://tatoeba.org/en/sentences/show/11255982	CC-BY 2.0 (France) Attribution: tatoeba.org #11255982 (Luornu) & #7860097 (arh)	https://creativecommons.org/licenses/by/2.0/fr/
475	523	4512986	cueyayotl	https://tatoeba.org/en/sentences/show/4512986	2123616	CK	https://tatoeba.org/en/sentences/show/2123616	CC-BY 2.0 (France) Attribution: tatoeba.org #2123616 (CK) & #4512986 (cueyayotl)	https://creativecommons.org/licenses/by/2.0/fr/
476	524	3215656	marcelostockle	https://tatoeba.org/en/sentences/show/3215656	2649251	CK	https://tatoeba.org/en/sentences/show/2649251	CC-BY 2.0 (France) Attribution: tatoeba.org #2649251 (CK) & #3215656 (marcelostockle)	https://creativecommons.org/licenses/by/2.0/fr/
477	525	5769238	arh	https://tatoeba.org/en/sentences/show/5769238	1365269	sacredceltic	https://tatoeba.org/en/sentences/show/1365269	CC-BY 2.0 (France) Attribution: tatoeba.org #1365269 (sacredceltic) & #5769238 (arh)	https://creativecommons.org/licenses/by/2.0/fr/
478	526	2150024	hayastan	https://tatoeba.org/en/sentences/show/2150024	2123573	CK	https://tatoeba.org/en/sentences/show/2123573	CC-BY 2.0 (France) Attribution: tatoeba.org #2123573 (CK) & #2150024 (hayastan)	https://creativecommons.org/licenses/by/2.0/fr/
479	527	9285941	Javea	https://tatoeba.org/en/sentences/show/9285941	10248879	ddnktr	https://tatoeba.org/en/sentences/show/10248879	CC-BY 2.0 (France) Attribution: tatoeba.org #10248879 (ddnktr) & #9285941 (Javea)	https://creativecommons.org/licenses/by/2.0/fr/
480	528	2127374	Shishir	https://tatoeba.org/en/sentences/show/2127374	2123602	CK	https://tatoeba.org/en/sentences/show/2123602	CC-BY 2.0 (France) Attribution: tatoeba.org #2123602 (CK) & #2127374 (Shishir)	https://creativecommons.org/licenses/by/2.0/fr/
481	529	5769245	arh	https://tatoeba.org/en/sentences/show/5769245	2187229	CK	https://tatoeba.org/en/sentences/show/2187229	CC-BY 2.0 (France) Attribution: tatoeba.org #2187229 (CK) & #5769245 (arh)	https://creativecommons.org/licenses/by/2.0/fr/
482	530	866287	jorgearestrepo	https://tatoeba.org/en/sentences/show/866287	42304	CK	https://tatoeba.org/en/sentences/show/42304	CC-BY 2.0 (France) Attribution: tatoeba.org #42304 (CK) & #866287 (jorgearestrepo)	https://creativecommons.org/licenses/by/2.0/fr/
483	531	1248522	Shishir	https://tatoeba.org/en/sentences/show/1248522	2283742	CK	https://tatoeba.org/en/sentences/show/2283742	CC-BY 2.0 (France) Attribution: tatoeba.org #2283742 (CK) & #1248522 (Shishir)	https://creativecommons.org/licenses/by/2.0/fr/
484	532	2353306	Shishir	https://tatoeba.org/en/sentences/show/2353306	3821793	CK	https://tatoeba.org/en/sentences/show/3821793	CC-BY 2.0 (France) Attribution: tatoeba.org #3821793 (CK) & #2353306 (Shishir)	https://creativecommons.org/licenses/by/2.0/fr/
485	533	5769257	arh	https://tatoeba.org/en/sentences/show/5769257	3821226	CK	https://tatoeba.org/en/sentences/show/3821226	CC-BY 2.0 (France) Attribution: tatoeba.org #3821226 (CK) & #5769257 (arh)	https://creativecommons.org/licenses/by/2.0/fr/
486	534	5583964	baudelaire	https://tatoeba.org/en/sentences/show/5583964	2515077	CK	https://tatoeba.org/en/sentences/show/2515077	CC-BY 2.0 (France) Attribution: tatoeba.org #2515077 (CK) & #5583964 (baudelaire)	https://creativecommons.org/licenses/by/2.0/fr/
487	535	9611442	Shishir	https://tatoeba.org/en/sentences/show/9611442	9510449	sundown	https://tatoeba.org/en/sentences/show/9510449	CC-BY 2.0 (France) Attribution: tatoeba.org #9510449 (sundown) & #9611442 (Shishir)	https://creativecommons.org/licenses/by/2.0/fr/
488	536	1661847	marcelostockle	https://tatoeba.org/en/sentences/show/1661847	325436	CK	https://tatoeba.org/en/sentences/show/325436	CC-BY 2.0 (France) Attribution: tatoeba.org #325436 (CK) & #1661847 (marcelostockle)	https://creativecommons.org/licenses/by/2.0/fr/
489	537	1181003	marcelostockle	https://tatoeba.org/en/sentences/show/1181003	325435	CK	https://tatoeba.org/en/sentences/show/325435	CC-BY 2.0 (France) Attribution: tatoeba.org #325435 (CK) & #1181003 (marcelostockle)	https://creativecommons.org/licenses/by/2.0/fr/
490	538	5056304	don_ramon	https://tatoeba.org/en/sentences/show/5056304	2203863	CK	https://tatoeba.org/en/sentences/show/2203863	CC-BY 2.0 (France) Attribution: tatoeba.org #2203863 (CK) & #5056304 (don_ramon)	https://creativecommons.org/licenses/by/2.0/fr/
491	539	5056306	don_ramon	https://tatoeba.org/en/sentences/show/5056306	2203863	CK	https://tatoeba.org/en/sentences/show/2203863	CC-BY 2.0 (France) Attribution: tatoeba.org #2203863 (CK) & #5056306 (don_ramon)	https://creativecommons.org/licenses/by/2.0/fr/
492	540	5056308	don_ramon	https://tatoeba.org/en/sentences/show/5056308	2203863	CK	https://tatoeba.org/en/sentences/show/2203863	CC-BY 2.0 (France) Attribution: tatoeba.org #2203863 (CK) & #5056308 (don_ramon)	https://creativecommons.org/licenses/by/2.0/fr/
493	541	510860	Shishir	https://tatoeba.org/en/sentences/show/510860	1954272	CK	https://tatoeba.org/en/sentences/show/1954272	CC-BY 2.0 (France) Attribution: tatoeba.org #1954272 (CK) & #510860 (Shishir)	https://creativecommons.org/licenses/by/2.0/fr/
494	542	1054411	Shishir	https://tatoeba.org/en/sentences/show/1054411	1954272	CK	https://tatoeba.org/en/sentences/show/1954272	CC-BY 2.0 (France) Attribution: tatoeba.org #1954272 (CK) & #1054411 (Shishir)	https://creativecommons.org/licenses/by/2.0/fr/
495	543	3338527	Shishir	https://tatoeba.org/en/sentences/show/3338527	1954273	CK	https://tatoeba.org/en/sentences/show/1954273	CC-BY 2.0 (France) Attribution: tatoeba.org #1954273 (CK) & #3338527 (Shishir)	https://creativecommons.org/licenses/by/2.0/fr/
496	544	4557198	swyter	https://tatoeba.org/en/sentences/show/4557198	1954274	CK	https://tatoeba.org/en/sentences/show/1954274	CC-BY 2.0 (France) Attribution: tatoeba.org #1954274 (CK) & #4557198 (swyter)	https://creativecommons.org/licenses/by/2.0/fr/
497	545	627825	Shishir	https://tatoeba.org/en/sentences/show/627825	241077	CK	https://tatoeba.org/en/sentences/show/241077	CC-BY 2.0 (France) Attribution: tatoeba.org #241077 (CK) & #627825 (Shishir)	https://creativecommons.org/licenses/by/2.0/fr/
498	546	790255	chinopinyin	https://tatoeba.org/en/sentences/show/790255	241077	CK	https://tatoeba.org/en/sentences/show/241077	CC-BY 2.0 (France) Attribution: tatoeba.org #241077 (CK) & #790255 (chinopinyin)	https://creativecommons.org/licenses/by/2.0/fr/
499	547	1448287	Alpha	https://tatoeba.org/en/sentences/show/1448287	241077	CK	https://tatoeba.org/en/sentences/show/241077	CC-BY 2.0 (France) Attribution: tatoeba.org #241077 (CK) & #1448287 (Alpha)	https://creativecommons.org/licenses/by/2.0/fr/
500	550	5769231	arh	https://tatoeba.org/en/sentences/show/5769231	20719	CK	https://tatoeba.org/en/sentences/show/20719	CC-BY 2.0 (France) Attribution: tatoeba.org #20719 (CK) & #5769231 (arh)	https://creativecommons.org/licenses/by/2.0/fr/
501	551	4557199	swyter	https://tatoeba.org/en/sentences/show/4557199	1954275	CK	https://tatoeba.org/en/sentences/show/1954275	CC-BY 2.0 (France) Attribution: tatoeba.org #1954275 (CK) & #4557199 (swyter)	https://creativecommons.org/licenses/by/2.0/fr/
502	552	5769244	arh	https://tatoeba.org/en/sentences/show/5769244	2163138	Source_VOA	https://tatoeba.org/en/sentences/show/2163138	CC-BY 2.0 (France) Attribution: tatoeba.org #2163138 (Source_VOA) & #5769244 (arh)	https://creativecommons.org/licenses/by/2.0/fr/
503	553	2479312	hayastan	https://tatoeba.org/en/sentences/show/2479312	282398	shanghainese	https://tatoeba.org/en/sentences/show/282398	CC-BY 2.0 (France) Attribution: tatoeba.org #282398 (shanghainese) & #2479312 (hayastan)	https://creativecommons.org/licenses/by/2.0/fr/
504	554	4508954	rsarias	https://tatoeba.org/en/sentences/show/4508954	282398	shanghainese	https://tatoeba.org/en/sentences/show/282398	CC-BY 2.0 (France) Attribution: tatoeba.org #282398 (shanghainese) & #4508954 (rsarias)	https://creativecommons.org/licenses/by/2.0/fr/
505	555	5752503	arh	https://tatoeba.org/en/sentences/show/5752503	2203865	CK	https://tatoeba.org/en/sentences/show/2203865	CC-BY 2.0 (France) Attribution: tatoeba.org #2203865 (CK) & #5752503 (arh)	https://creativecommons.org/licenses/by/2.0/fr/
506	556	853496	japegon	https://tatoeba.org/en/sentences/show/853496	853152	piksea	https://tatoeba.org/en/sentences/show/853152	CC-BY 2.0 (France) Attribution: tatoeba.org #853152 (piksea) & #853496 (japegon)	https://creativecommons.org/licenses/by/2.0/fr/
507	557	1400124	hayastan	https://tatoeba.org/en/sentences/show/1400124	1400268	enteka	https://tatoeba.org/en/sentences/show/1400268	CC-BY 2.0 (France) Attribution: tatoeba.org #1400268 (enteka) & #1400124 (hayastan)	https://creativecommons.org/licenses/by/2.0/fr/
508	558	3834391	cueyayotl	https://tatoeba.org/en/sentences/show/3834391	1400268	enteka	https://tatoeba.org/en/sentences/show/1400268	CC-BY 2.0 (France) Attribution: tatoeba.org #1400268 (enteka) & #3834391 (cueyayotl)	https://creativecommons.org/licenses/by/2.0/fr/
509	559	957010	hundo	https://tatoeba.org/en/sentences/show/957010	3258750	CH	https://tatoeba.org/en/sentences/show/3258750	CC-BY 2.0 (France) Attribution: tatoeba.org #3258750 (CH) & #957010 (hundo)	https://creativecommons.org/licenses/by/2.0/fr/
510	560	870264	inmachan	https://tatoeba.org/en/sentences/show/870264	672264	CM	https://tatoeba.org/en/sentences/show/672264	CC-BY 2.0 (France) Attribution: tatoeba.org #672264 (CM) & #870264 (inmachan)	https://creativecommons.org/licenses/by/2.0/fr/
511	561	2442797	hayastan	https://tatoeba.org/en/sentences/show/2442797	1349166	sacredceltic	https://tatoeba.org/en/sentences/show/1349166	CC-BY 2.0 (France) Attribution: tatoeba.org #1349166 (sacredceltic) & #2442797 (hayastan)	https://creativecommons.org/licenses/by/2.0/fr/
512	562	10262260	saverius	https://tatoeba.org/en/sentences/show/10262260	1349166	sacredceltic	https://tatoeba.org/en/sentences/show/1349166	CC-BY 2.0 (France) Attribution: tatoeba.org #1349166 (sacredceltic) & #10262260 (saverius)	https://creativecommons.org/licenses/by/2.0/fr/
513	563	2098372	Shishir	https://tatoeba.org/en/sentences/show/2098372	1553397	CK	https://tatoeba.org/en/sentences/show/1553397	CC-BY 2.0 (France) Attribution: tatoeba.org #1553397 (CK) & #2098372 (Shishir)	https://creativecommons.org/licenses/by/2.0/fr/
514	564	2973538	hayastan	https://tatoeba.org/en/sentences/show/2973538	1553397	CK	https://tatoeba.org/en/sentences/show/1553397	CC-BY 2.0 (France) Attribution: tatoeba.org #1553397 (CK) & #2973538 (hayastan)	https://creativecommons.org/licenses/by/2.0/fr/
515	565	5016876	don_ramon	https://tatoeba.org/en/sentences/show/5016876	1553397	CK	https://tatoeba.org/en/sentences/show/1553397	CC-BY 2.0 (France) Attribution: tatoeba.org #1553397 (CK) & #5016876 (don_ramon)	https://creativecommons.org/licenses/by/2.0/fr/
516	566	2590943	hayastan	https://tatoeba.org/en/sentences/show/2590943	2111553	CK	https://tatoeba.org/en/sentences/show/2111553	CC-BY 2.0 (France) Attribution: tatoeba.org #2111553 (CK) & #2590943 (hayastan)	https://creativecommons.org/licenses/by/2.0/fr/
517	567	3761301	cueyayotl	https://tatoeba.org/en/sentences/show/3761301	2111553	CK	https://tatoeba.org/en/sentences/show/2111553	CC-BY 2.0 (France) Attribution: tatoeba.org #2111553 (CK) & #3761301 (cueyayotl)	https://creativecommons.org/licenses/by/2.0/fr/
518	568	683388	humbertovs	https://tatoeba.org/en/sentences/show/683388	35175	CK	https://tatoeba.org/en/sentences/show/35175	CC-BY 2.0 (France) Attribution: tatoeba.org #35175 (CK) & #683388 (humbertovs)	https://creativecommons.org/licenses/by/2.0/fr/
519	569	941229	hayastan	https://tatoeba.org/en/sentences/show/941229	35175	CK	https://tatoeba.org/en/sentences/show/35175	CC-BY 2.0 (France) Attribution: tatoeba.org #35175 (CK) & #941229 (hayastan)	https://creativecommons.org/licenses/by/2.0/fr/
520	570	1240442	Shishir	https://tatoeba.org/en/sentences/show/1240442	35175	CK	https://tatoeba.org/en/sentences/show/35175	CC-BY 2.0 (France) Attribution: tatoeba.org #35175 (CK) & #1240442 (Shishir)	https://creativecommons.org/licenses/by/2.0/fr/
521	571	730482	chinopinyin	https://tatoeba.org/en/sentences/show/730482	2111528	CK	https://tatoeba.org/en/sentences/show/2111528	CC-BY 2.0 (France) Attribution: tatoeba.org #2111528 (CK) & #730482 (chinopinyin)	https://creativecommons.org/licenses/by/2.0/fr/
522	572	4554561	swyter	https://tatoeba.org/en/sentences/show/4554561	2111528	CK	https://tatoeba.org/en/sentences/show/2111528	CC-BY 2.0 (France) Attribution: tatoeba.org #2111528 (CK) & #4554561 (swyter)	https://creativecommons.org/licenses/by/2.0/fr/
523	573	1314246	hayastan	https://tatoeba.org/en/sentences/show/1314246	325429	CK	https://tatoeba.org/en/sentences/show/325429	CC-BY 2.0 (France) Attribution: tatoeba.org #325429 (CK) & #1314246 (hayastan)	https://creativecommons.org/licenses/by/2.0/fr/
524	574	1390118	wallebot	https://tatoeba.org/en/sentences/show/1390118	325429	CK	https://tatoeba.org/en/sentences/show/325429	CC-BY 2.0 (France) Attribution: tatoeba.org #325429 (CK) & #1390118 (wallebot)	https://creativecommons.org/licenses/by/2.0/fr/
525	576	5752504	arh	https://tatoeba.org/en/sentences/show/5752504	2203866	CK	https://tatoeba.org/en/sentences/show/2203866	CC-BY 2.0 (France) Attribution: tatoeba.org #2203866 (CK) & #5752504 (arh)	https://creativecommons.org/licenses/by/2.0/fr/
526	577	4557310	swyter	https://tatoeba.org/en/sentences/show/4557310	2111478	CK	https://tatoeba.org/en/sentences/show/2111478	CC-BY 2.0 (France) Attribution: tatoeba.org #2111478 (CK) & #4557310 (swyter)	https://creativecommons.org/licenses/by/2.0/fr/
527	579	4557308	swyter	https://tatoeba.org/en/sentences/show/4557308	2111475	CK	https://tatoeba.org/en/sentences/show/2111475	CC-BY 2.0 (France) Attribution: tatoeba.org #2111475 (CK) & #4557308 (swyter)	https://creativecommons.org/licenses/by/2.0/fr/
528	580	855587	sharin	https://tatoeba.org/en/sentences/show/855587	52022	Zifre	https://tatoeba.org/en/sentences/show/52022	CC-BY 2.0 (France) Attribution: tatoeba.org #52022 (Zifre) & #855587 (sharin)	https://creativecommons.org/licenses/by/2.0/fr/
529	582	1705511	teskmon	https://tatoeba.org/en/sentences/show/1705511	1618734	CK	https://tatoeba.org/en/sentences/show/1618734	CC-BY 2.0 (France) Attribution: tatoeba.org #1618734 (CK) & #1705511 (teskmon)	https://creativecommons.org/licenses/by/2.0/fr/
530	583	4527891	cueyayotl	https://tatoeba.org/en/sentences/show/4527891	2203606	CK	https://tatoeba.org/en/sentences/show/2203606	CC-BY 2.0 (France) Attribution: tatoeba.org #2203606 (CK) & #4527891 (cueyayotl)	https://creativecommons.org/licenses/by/2.0/fr/
531	584	2334913	marcelostockle	https://tatoeba.org/en/sentences/show/2334913	2005188	CK	https://tatoeba.org/en/sentences/show/2005188	CC-BY 2.0 (France) Attribution: tatoeba.org #2005188 (CK) & #2334913 (marcelostockle)	https://creativecommons.org/licenses/by/2.0/fr/
532	585	2353267	Shishir	https://tatoeba.org/en/sentences/show/2353267	2005188	CK	https://tatoeba.org/en/sentences/show/2005188	CC-BY 2.0 (France) Attribution: tatoeba.org #2005188 (CK) & #2353267 (Shishir)	https://creativecommons.org/licenses/by/2.0/fr/
533	586	1410209	marcelostockle	https://tatoeba.org/en/sentences/show/1410209	2203679	CK	https://tatoeba.org/en/sentences/show/2203679	CC-BY 2.0 (France) Attribution: tatoeba.org #2203679 (CK) & #1410209 (marcelostockle)	https://creativecommons.org/licenses/by/2.0/fr/
534	587	4526223	Shishir	https://tatoeba.org/en/sentences/show/4526223	2203721	CK	https://tatoeba.org/en/sentences/show/2203721	CC-BY 2.0 (France) Attribution: tatoeba.org #2203721 (CK) & #4526223 (Shishir)	https://creativecommons.org/licenses/by/2.0/fr/
535	588	4557653	swyter	https://tatoeba.org/en/sentences/show/4557653	2203721	CK	https://tatoeba.org/en/sentences/show/2203721	CC-BY 2.0 (France) Attribution: tatoeba.org #2203721 (CK) & #4557653 (swyter)	https://creativecommons.org/licenses/by/2.0/fr/
536	589	4527536	cueyayotl	https://tatoeba.org/en/sentences/show/4527536	2005178	CK	https://tatoeba.org/en/sentences/show/2005178	CC-BY 2.0 (France) Attribution: tatoeba.org #2005178 (CK) & #4527536 (cueyayotl)	https://creativecommons.org/licenses/by/2.0/fr/
537	590	3143021	cueyayotl	https://tatoeba.org/en/sentences/show/3143021	2005179	CK	https://tatoeba.org/en/sentences/show/2005179	CC-BY 2.0 (France) Attribution: tatoeba.org #2005179 (CK) & #3143021 (cueyayotl)	https://creativecommons.org/licenses/by/2.0/fr/
538	591	5100162	cueyayotl	https://tatoeba.org/en/sentences/show/5100162	2005179	CK	https://tatoeba.org/en/sentences/show/2005179	CC-BY 2.0 (France) Attribution: tatoeba.org #2005179 (CK) & #5100162 (cueyayotl)	https://creativecommons.org/licenses/by/2.0/fr/
539	592	5137741	don_ramon	https://tatoeba.org/en/sentences/show/5137741	2203722	CK	https://tatoeba.org/en/sentences/show/2203722	CC-BY 2.0 (France) Attribution: tatoeba.org #2203722 (CK) & #5137741 (don_ramon)	https://creativecommons.org/licenses/by/2.0/fr/
540	593	4527537	cueyayotl	https://tatoeba.org/en/sentences/show/4527537	2005180	CK	https://tatoeba.org/en/sentences/show/2005180	CC-BY 2.0 (France) Attribution: tatoeba.org #2005180 (CK) & #4527537 (cueyayotl)	https://creativecommons.org/licenses/by/2.0/fr/
541	594	4527551	cueyayotl	https://tatoeba.org/en/sentences/show/4527551	2111155	CK	https://tatoeba.org/en/sentences/show/2111155	CC-BY 2.0 (France) Attribution: tatoeba.org #2111155 (CK) & #4527551 (cueyayotl)	https://creativecommons.org/licenses/by/2.0/fr/
542	595	4527543	cueyayotl	https://tatoeba.org/en/sentences/show/4527543	2005183	CK	https://tatoeba.org/en/sentences/show/2005183	CC-BY 2.0 (France) Attribution: tatoeba.org #2005183 (CK) & #4527543 (cueyayotl)	https://creativecommons.org/licenses/by/2.0/fr/
543	596	9423061	ignacio	https://tatoeba.org/en/sentences/show/9423061	7717230	shekitten	https://tatoeba.org/en/sentences/show/7717230	CC-BY 2.0 (France) Attribution: tatoeba.org #7717230 (shekitten) & #9423061 (ignacio)	https://creativecommons.org/licenses/by/2.0/fr/
544	597	9564624	hayastan	https://tatoeba.org/en/sentences/show/9564624	7715583	shekitten	https://tatoeba.org/en/sentences/show/7715583	CC-BY 2.0 (France) Attribution: tatoeba.org #7715583 (shekitten) & #9564624 (hayastan)	https://creativecommons.org/licenses/by/2.0/fr/
545	598	4997892	cueyayotl	https://tatoeba.org/en/sentences/show/4997892	2203845	CK	https://tatoeba.org/en/sentences/show/2203845	CC-BY 2.0 (France) Attribution: tatoeba.org #2203845 (CK) & #4997892 (cueyayotl)	https://creativecommons.org/licenses/by/2.0/fr/
546	599	1713564	marcelostockle	https://tatoeba.org/en/sentences/show/1713564	1524763	Spamster	https://tatoeba.org/en/sentences/show/1524763	CC-BY 2.0 (France) Attribution: tatoeba.org #1524763 (Spamster) & #1713564 (marcelostockle)	https://creativecommons.org/licenses/by/2.0/fr/
547	600	5752502	arh	https://tatoeba.org/en/sentences/show/5752502	2107644	CK	https://tatoeba.org/en/sentences/show/2107644	CC-BY 2.0 (France) Attribution: tatoeba.org #2107644 (CK) & #5752502 (arh)	https://creativecommons.org/licenses/by/2.0/fr/
548	601	2946	Shishir	https://tatoeba.org/en/sentences/show/2946	1875	Swift	https://tatoeba.org/en/sentences/show/1875	CC-BY 2.0 (France) Attribution: tatoeba.org #1875 (Swift) & #2946 (Shishir)	https://creativecommons.org/licenses/by/2.0/fr/
549	602	854201	opor	https://tatoeba.org/en/sentences/show/854201	281960	CM	https://tatoeba.org/en/sentences/show/281960	CC-BY 2.0 (France) Attribution: tatoeba.org #281960 (CM) & #854201 (opor)	https://creativecommons.org/licenses/by/2.0/fr/
550	603	2532923	Shishir	https://tatoeba.org/en/sentences/show/2532923	954991	CM	https://tatoeba.org/en/sentences/show/954991	CC-BY 2.0 (France) Attribution: tatoeba.org #954991 (CM) & #2532923 (Shishir)	https://creativecommons.org/licenses/by/2.0/fr/
551	604	5769235	arh	https://tatoeba.org/en/sentences/show/5769235	271901	Zifre	https://tatoeba.org/en/sentences/show/271901	CC-BY 2.0 (France) Attribution: tatoeba.org #271901 (Zifre) & #5769235 (arh)	https://creativecommons.org/licenses/by/2.0/fr/
552	605	3804694	cueyayotl	https://tatoeba.org/en/sentences/show/3804694	1916312	CK	https://tatoeba.org/en/sentences/show/1916312	CC-BY 2.0 (France) Attribution: tatoeba.org #1916312 (CK) & #3804694 (cueyayotl)	https://creativecommons.org/licenses/by/2.0/fr/
553	606	3804695	cueyayotl	https://tatoeba.org/en/sentences/show/3804695	1916312	CK	https://tatoeba.org/en/sentences/show/1916312	CC-BY 2.0 (France) Attribution: tatoeba.org #1916312 (CK) & #3804695 (cueyayotl)	https://creativecommons.org/licenses/by/2.0/fr/
554	607	3804696	cueyayotl	https://tatoeba.org/en/sentences/show/3804696	1916312	CK	https://tatoeba.org/en/sentences/show/1916312	CC-BY 2.0 (France) Attribution: tatoeba.org #1916312 (CK) & #3804696 (cueyayotl)	https://creativecommons.org/licenses/by/2.0/fr/
555	609	2092220	hayastan	https://tatoeba.org/en/sentences/show/2092220	1916311	CK	https://tatoeba.org/en/sentences/show/1916311	CC-BY 2.0 (France) Attribution: tatoeba.org #1916311 (CK) & #2092220 (hayastan)	https://creativecommons.org/licenses/by/2.0/fr/
556	610	2092222	hayastan	https://tatoeba.org/en/sentences/show/2092222	1916311	CK	https://tatoeba.org/en/sentences/show/1916311	CC-BY 2.0 (France) Attribution: tatoeba.org #1916311 (CK) & #2092222 (hayastan)	https://creativecommons.org/licenses/by/2.0/fr/
557	611	4506011	cueyayotl	https://tatoeba.org/en/sentences/show/4506011	1916311	CK	https://tatoeba.org/en/sentences/show/1916311	CC-BY 2.0 (France) Attribution: tatoeba.org #1916311 (CK) & #4506011 (cueyayotl)	https://creativecommons.org/licenses/by/2.0/fr/
558	612	2105568	marcelostockle	https://tatoeba.org/en/sentences/show/2105568	1954278	CK	https://tatoeba.org/en/sentences/show/1954278	CC-BY 2.0 (France) Attribution: tatoeba.org #1954278 (CK) & #2105568 (marcelostockle)	https://creativecommons.org/licenses/by/2.0/fr/
559	613	4527523	cueyayotl	https://tatoeba.org/en/sentences/show/4527523	1954279	CK	https://tatoeba.org/en/sentences/show/1954279	CC-BY 2.0 (France) Attribution: tatoeba.org #1954279 (CK) & #4527523 (cueyayotl)	https://creativecommons.org/licenses/by/2.0/fr/
560	614	4527524	cueyayotl	https://tatoeba.org/en/sentences/show/4527524	1954279	CK	https://tatoeba.org/en/sentences/show/1954279	CC-BY 2.0 (France) Attribution: tatoeba.org #1954279 (CK) & #4527524 (cueyayotl)	https://creativecommons.org/licenses/by/2.0/fr/
561	615	4527525	cueyayotl	https://tatoeba.org/en/sentences/show/4527525	1954279	CK	https://tatoeba.org/en/sentences/show/1954279	CC-BY 2.0 (France) Attribution: tatoeba.org #1954279 (CK) & #4527525 (cueyayotl)	https://creativecommons.org/licenses/by/2.0/fr/
562	616	4527526	cueyayotl	https://tatoeba.org/en/sentences/show/4527526	1954279	CK	https://tatoeba.org/en/sentences/show/1954279	CC-BY 2.0 (France) Attribution: tatoeba.org #1954279 (CK) & #4527526 (cueyayotl)	https://creativecommons.org/licenses/by/2.0/fr/
563	617	588045	Shishir	https://tatoeba.org/en/sentences/show/588045	1954282	CK	https://tatoeba.org/en/sentences/show/1954282	CC-BY 2.0 (France) Attribution: tatoeba.org #1954282 (CK) & #588045 (Shishir)	https://creativecommons.org/licenses/by/2.0/fr/
564	618	4557201	swyter	https://tatoeba.org/en/sentences/show/4557201	1954282	CK	https://tatoeba.org/en/sentences/show/1954282	CC-BY 2.0 (France) Attribution: tatoeba.org #1954282 (CK) & #4557201 (swyter)	https://creativecommons.org/licenses/by/2.0/fr/
565	619	4557203	swyter	https://tatoeba.org/en/sentences/show/4557203	1954282	CK	https://tatoeba.org/en/sentences/show/1954282	CC-BY 2.0 (France) Attribution: tatoeba.org #1954282 (CK) & #4557203 (swyter)	https://creativecommons.org/licenses/by/2.0/fr/
566	620	6688843	arh	https://tatoeba.org/en/sentences/show/6688843	1954283	CK	https://tatoeba.org/en/sentences/show/1954283	CC-BY 2.0 (France) Attribution: tatoeba.org #1954283 (CK) & #6688843 (arh)	https://creativecommons.org/licenses/by/2.0/fr/
567	621	628241	Leono	https://tatoeba.org/en/sentences/show/628241	628230	CK	https://tatoeba.org/en/sentences/show/628230	CC-BY 2.0 (France) Attribution: tatoeba.org #628230 (CK) & #628241 (Leono)	https://creativecommons.org/licenses/by/2.0/fr/
568	622	5769258	arh	https://tatoeba.org/en/sentences/show/5769258	4488381	PentheusPuddleglum	https://tatoeba.org/en/sentences/show/4488381	CC-BY 2.0 (France) Attribution: tatoeba.org #4488381 (PentheusPuddleglum) & #5769258 (arh)	https://creativecommons.org/licenses/by/2.0/fr/
569	623	5769252	arh	https://tatoeba.org/en/sentences/show/5769252	2203688	CK	https://tatoeba.org/en/sentences/show/2203688	CC-BY 2.0 (France) Attribution: tatoeba.org #2203688 (CK) & #5769252 (arh)	https://creativecommons.org/licenses/by/2.0/fr/
570	624	3533966	hayastan	https://tatoeba.org/en/sentences/show/3533966	2203135	CK	https://tatoeba.org/en/sentences/show/2203135	CC-BY 2.0 (France) Attribution: tatoeba.org #2203135 (CK) & #3533966 (hayastan)	https://creativecommons.org/licenses/by/2.0/fr/
571	625	857899	Shishir	https://tatoeba.org/en/sentences/show/857899	24867	CK	https://tatoeba.org/en/sentences/show/24867	CC-BY 2.0 (France) Attribution: tatoeba.org #24867 (CK) & #857899 (Shishir)	https://creativecommons.org/licenses/by/2.0/fr/
572	626	3773564	cueyayotl	https://tatoeba.org/en/sentences/show/3773564	36026	CM	https://tatoeba.org/en/sentences/show/36026	CC-BY 2.0 (France) Attribution: tatoeba.org #36026 (CM) & #3773564 (cueyayotl)	https://creativecommons.org/licenses/by/2.0/fr/
573	627	1357545	marcelostockle	https://tatoeba.org/en/sentences/show/1357545	6575334	Eccles17	https://tatoeba.org/en/sentences/show/6575334	CC-BY 2.0 (France) Attribution: tatoeba.org #6575334 (Eccles17) & #1357545 (marcelostockle)	https://creativecommons.org/licenses/by/2.0/fr/
574	628	1172989	marcelostockle	https://tatoeba.org/en/sentences/show/1172989	259378	Zifre	https://tatoeba.org/en/sentences/show/259378	CC-BY 2.0 (France) Attribution: tatoeba.org #259378 (Zifre) & #1172989 (marcelostockle)	https://creativecommons.org/licenses/by/2.0/fr/
575	629	10166017	Seael	https://tatoeba.org/en/sentences/show/10166017	259378	Zifre	https://tatoeba.org/en/sentences/show/259378	CC-BY 2.0 (France) Attribution: tatoeba.org #259378 (Zifre) & #10166017 (Seael)	https://creativecommons.org/licenses/by/2.0/fr/
576	630	5056352	don_ramon	https://tatoeba.org/en/sentences/show/5056352	2203607	CK	https://tatoeba.org/en/sentences/show/2203607	CC-BY 2.0 (France) Attribution: tatoeba.org #2203607 (CK) & #5056352 (don_ramon)	https://creativecommons.org/licenses/by/2.0/fr/
577	631	4557218	swyter	https://tatoeba.org/en/sentences/show/4557218	2005187	CK	https://tatoeba.org/en/sentences/show/2005187	CC-BY 2.0 (France) Attribution: tatoeba.org #2005187 (CK) & #4557218 (swyter)	https://creativecommons.org/licenses/by/2.0/fr/
578	632	4557642	swyter	https://tatoeba.org/en/sentences/show/4557642	2203678	CK	https://tatoeba.org/en/sentences/show/2203678	CC-BY 2.0 (France) Attribution: tatoeba.org #2203678 (CK) & #4557642 (swyter)	https://creativecommons.org/licenses/by/2.0/fr/
579	633	6784035	arh	https://tatoeba.org/en/sentences/show/6784035	2203678	CK	https://tatoeba.org/en/sentences/show/2203678	CC-BY 2.0 (France) Attribution: tatoeba.org #2203678 (CK) & #6784035 (arh)	https://creativecommons.org/licenses/by/2.0/fr/
580	634	8410498	arh	https://tatoeba.org/en/sentences/show/8410498	8045297	CK	https://tatoeba.org/en/sentences/show/8045297	CC-BY 2.0 (France) Attribution: tatoeba.org #8045297 (CK) & #8410498 (arh)	https://creativecommons.org/licenses/by/2.0/fr/
581	635	7936990	Seael	https://tatoeba.org/en/sentences/show/7936990	6532442	CK	https://tatoeba.org/en/sentences/show/6532442	CC-BY 2.0 (France) Attribution: tatoeba.org #6532442 (CK) & #7936990 (Seael)	https://creativecommons.org/licenses/by/2.0/fr/
582	636	4557214	swyter	https://tatoeba.org/en/sentences/show/4557214	2005182	CK	https://tatoeba.org/en/sentences/show/2005182	CC-BY 2.0 (France) Attribution: tatoeba.org #2005182 (CK) & #4557214 (swyter)	https://creativecommons.org/licenses/by/2.0/fr/
583	637	4557215	swyter	https://tatoeba.org/en/sentences/show/4557215	2005182	CK	https://tatoeba.org/en/sentences/show/2005182	CC-BY 2.0 (France) Attribution: tatoeba.org #2005182 (CK) & #4557215 (swyter)	https://creativecommons.org/licenses/by/2.0/fr/
584	638	5056310	don_ramon	https://tatoeba.org/en/sentences/show/5056310	2203844	CK	https://tatoeba.org/en/sentences/show/2203844	CC-BY 2.0 (France) Attribution: tatoeba.org #2203844 (CK) & #5056310 (don_ramon)	https://creativecommons.org/licenses/by/2.0/fr/
585	639	329919	tatoerique	https://tatoeba.org/en/sentences/show/329919	2203694	CK	https://tatoeba.org/en/sentences/show/2203694	CC-BY 2.0 (France) Attribution: tatoeba.org #2203694 (CK) & #329919 (tatoerique)	https://creativecommons.org/licenses/by/2.0/fr/
586	640	1998652	marcelostockle	https://tatoeba.org/en/sentences/show/1998652	1954284	CK	https://tatoeba.org/en/sentences/show/1954284	CC-BY 2.0 (France) Attribution: tatoeba.org #1954284 (CK) & #1998652 (marcelostockle)	https://creativecommons.org/licenses/by/2.0/fr/
587	641	7937014	Seael	https://tatoeba.org/en/sentences/show/7937014	6440636	CK	https://tatoeba.org/en/sentences/show/6440636	CC-BY 2.0 (France) Attribution: tatoeba.org #6440636 (CK) & #7937014 (Seael)	https://creativecommons.org/licenses/by/2.0/fr/
588	642	7937016	Seael	https://tatoeba.org/en/sentences/show/7937016	6440636	CK	https://tatoeba.org/en/sentences/show/6440636	CC-BY 2.0 (France) Attribution: tatoeba.org #6440636 (CK) & #7937016 (Seael)	https://creativecommons.org/licenses/by/2.0/fr/
589	643	7937017	Seael	https://tatoeba.org/en/sentences/show/7937017	6440636	CK	https://tatoeba.org/en/sentences/show/6440636	CC-BY 2.0 (France) Attribution: tatoeba.org #6440636 (CK) & #7937017 (Seael)	https://creativecommons.org/licenses/by/2.0/fr/
590	644	7937021	Seael	https://tatoeba.org/en/sentences/show/7937021	6440636	CK	https://tatoeba.org/en/sentences/show/6440636	CC-BY 2.0 (France) Attribution: tatoeba.org #6440636 (CK) & #7937021 (Seael)	https://creativecommons.org/licenses/by/2.0/fr/
591	645	7937025	Seael	https://tatoeba.org/en/sentences/show/7937025	6440636	CK	https://tatoeba.org/en/sentences/show/6440636	CC-BY 2.0 (France) Attribution: tatoeba.org #6440636 (CK) & #7937025 (Seael)	https://creativecommons.org/licenses/by/2.0/fr/
592	646	7937026	Seael	https://tatoeba.org/en/sentences/show/7937026	6440636	CK	https://tatoeba.org/en/sentences/show/6440636	CC-BY 2.0 (France) Attribution: tatoeba.org #6440636 (CK) & #7937026 (Seael)	https://creativecommons.org/licenses/by/2.0/fr/
593	647	7937027	Seael	https://tatoeba.org/en/sentences/show/7937027	6440636	CK	https://tatoeba.org/en/sentences/show/6440636	CC-BY 2.0 (France) Attribution: tatoeba.org #6440636 (CK) & #7937027 (Seael)	https://creativecommons.org/licenses/by/2.0/fr/
594	648	7937029	Seael	https://tatoeba.org/en/sentences/show/7937029	6440636	CK	https://tatoeba.org/en/sentences/show/6440636	CC-BY 2.0 (France) Attribution: tatoeba.org #6440636 (CK) & #7937029 (Seael)	https://creativecommons.org/licenses/by/2.0/fr/
595	649	589241	Shishir	https://tatoeba.org/en/sentences/show/589241	505870	wma	https://tatoeba.org/en/sentences/show/505870	CC-BY 2.0 (France) Attribution: tatoeba.org #505870 (wma) & #589241 (Shishir)	https://creativecommons.org/licenses/by/2.0/fr/
596	650	589243	Shishir	https://tatoeba.org/en/sentences/show/589243	505870	wma	https://tatoeba.org/en/sentences/show/505870	CC-BY 2.0 (France) Attribution: tatoeba.org #505870 (wma) & #589243 (Shishir)	https://creativecommons.org/licenses/by/2.0/fr/
597	651	589244	Shishir	https://tatoeba.org/en/sentences/show/589244	505870	wma	https://tatoeba.org/en/sentences/show/505870	CC-BY 2.0 (France) Attribution: tatoeba.org #505870 (wma) & #589244 (Shishir)	https://creativecommons.org/licenses/by/2.0/fr/
598	652	1976176	Shishir	https://tatoeba.org/en/sentences/show/1976176	505870	wma	https://tatoeba.org/en/sentences/show/505870	CC-BY 2.0 (France) Attribution: tatoeba.org #505870 (wma) & #1976176 (Shishir)	https://creativecommons.org/licenses/by/2.0/fr/
599	653	1976177	Shishir	https://tatoeba.org/en/sentences/show/1976177	505870	wma	https://tatoeba.org/en/sentences/show/505870	CC-BY 2.0 (France) Attribution: tatoeba.org #505870 (wma) & #1976177 (Shishir)	https://creativecommons.org/licenses/by/2.0/fr/
600	654	1976179	Shishir	https://tatoeba.org/en/sentences/show/1976179	505870	wma	https://tatoeba.org/en/sentences/show/505870	CC-BY 2.0 (France) Attribution: tatoeba.org #505870 (wma) & #1976179 (Shishir)	https://creativecommons.org/licenses/by/2.0/fr/
601	655	3773673	cueyayotl	https://tatoeba.org/en/sentences/show/3773673	1954262	CK	https://tatoeba.org/en/sentences/show/1954262	CC-BY 2.0 (France) Attribution: tatoeba.org #1954262 (CK) & #3773673 (cueyayotl)	https://creativecommons.org/licenses/by/2.0/fr/
602	656	439806	naikodemus	https://tatoeba.org/en/sentences/show/439806	251060	Eldad	https://tatoeba.org/en/sentences/show/251060	CC-BY 2.0 (France) Attribution: tatoeba.org #251060 (Eldad) & #439806 (naikodemus)	https://creativecommons.org/licenses/by/2.0/fr/
603	657	1248611	Shishir	https://tatoeba.org/en/sentences/show/1248611	251060	Eldad	https://tatoeba.org/en/sentences/show/251060	CC-BY 2.0 (France) Attribution: tatoeba.org #251060 (Eldad) & #1248611 (Shishir)	https://creativecommons.org/licenses/by/2.0/fr/
604	658	1248612	Shishir	https://tatoeba.org/en/sentences/show/1248612	251060	Eldad	https://tatoeba.org/en/sentences/show/251060	CC-BY 2.0 (France) Attribution: tatoeba.org #251060 (Eldad) & #1248612 (Shishir)	https://creativecommons.org/licenses/by/2.0/fr/
605	659	7320756	arh	https://tatoeba.org/en/sentences/show/7320756	8908134	CK	https://tatoeba.org/en/sentences/show/8908134	CC-BY 2.0 (France) Attribution: tatoeba.org #8908134 (CK) & #7320756 (arh)	https://creativecommons.org/licenses/by/2.0/fr/
606	661	609685	Shishir	https://tatoeba.org/en/sentences/show/609685	278213	CK	https://tatoeba.org/en/sentences/show/278213	CC-BY 2.0 (France) Attribution: tatoeba.org #278213 (CK) & #609685 (Shishir)	https://creativecommons.org/licenses/by/2.0/fr/
607	662	2117445	Shishir	https://tatoeba.org/en/sentences/show/2117445	2111946	CK	https://tatoeba.org/en/sentences/show/2111946	CC-BY 2.0 (France) Attribution: tatoeba.org #2111946 (CK) & #2117445 (Shishir)	https://creativecommons.org/licenses/by/2.0/fr/
608	663	1731012	marcelostockle	https://tatoeba.org/en/sentences/show/1731012	1730009	CK	https://tatoeba.org/en/sentences/show/1730009	CC-BY 2.0 (France) Attribution: tatoeba.org #1730009 (CK) & #1731012 (marcelostockle)	https://creativecommons.org/licenses/by/2.0/fr/
609	665	1310591	wallebot	https://tatoeba.org/en/sentences/show/1310591	1123494	Scott	https://tatoeba.org/en/sentences/show/1123494	CC-BY 2.0 (France) Attribution: tatoeba.org #1123494 (Scott) & #1310591 (wallebot)	https://creativecommons.org/licenses/by/2.0/fr/
610	666	566428	Shishir	https://tatoeba.org/en/sentences/show/566428	435575	CK	https://tatoeba.org/en/sentences/show/435575	CC-BY 2.0 (France) Attribution: tatoeba.org #435575 (CK) & #566428 (Shishir)	https://creativecommons.org/licenses/by/2.0/fr/
611	667	566430	Shishir	https://tatoeba.org/en/sentences/show/566430	435575	CK	https://tatoeba.org/en/sentences/show/435575	CC-BY 2.0 (France) Attribution: tatoeba.org #435575 (CK) & #566430 (Shishir)	https://creativecommons.org/licenses/by/2.0/fr/
612	668	3224826	cueyayotl	https://tatoeba.org/en/sentences/show/3224826	435575	CK	https://tatoeba.org/en/sentences/show/435575	CC-BY 2.0 (France) Attribution: tatoeba.org #435575 (CK) & #3224826 (cueyayotl)	https://creativecommons.org/licenses/by/2.0/fr/
613	670	5124534	don_ramon	https://tatoeba.org/en/sentences/show/5124534	435575	CK	https://tatoeba.org/en/sentences/show/435575	CC-BY 2.0 (France) Attribution: tatoeba.org #435575 (CK) & #5124534 (don_ramon)	https://creativecommons.org/licenses/by/2.0/fr/
614	671	2196697	Shishir	https://tatoeba.org/en/sentences/show/2196697	2005176	CK	https://tatoeba.org/en/sentences/show/2005176	CC-BY 2.0 (France) Attribution: tatoeba.org #2005176 (CK) & #2196697 (Shishir)	https://creativecommons.org/licenses/by/2.0/fr/
615	672	6712741	arh	https://tatoeba.org/en/sentences/show/6712741	2005176	CK	https://tatoeba.org/en/sentences/show/2005176	CC-BY 2.0 (France) Attribution: tatoeba.org #2005176 (CK) & #6712741 (arh)	https://creativecommons.org/licenses/by/2.0/fr/
616	673	6712742	arh	https://tatoeba.org/en/sentences/show/6712742	2005176	CK	https://tatoeba.org/en/sentences/show/2005176	CC-BY 2.0 (France) Attribution: tatoeba.org #2005176 (CK) & #6712742 (arh)	https://creativecommons.org/licenses/by/2.0/fr/
617	674	5057161	don_ramon	https://tatoeba.org/en/sentences/show/5057161	2203856	CK	https://tatoeba.org/en/sentences/show/2203856	CC-BY 2.0 (France) Attribution: tatoeba.org #2203856 (CK) & #5057161 (don_ramon)	https://creativecommons.org/licenses/by/2.0/fr/
618	675	1349316	marcelostockle	https://tatoeba.org/en/sentences/show/1349316	449029	CK	https://tatoeba.org/en/sentences/show/449029	CC-BY 2.0 (France) Attribution: tatoeba.org #449029 (CK) & #1349316 (marcelostockle)	https://creativecommons.org/licenses/by/2.0/fr/
619	676	1349317	marcelostockle	https://tatoeba.org/en/sentences/show/1349317	449029	CK	https://tatoeba.org/en/sentences/show/449029	CC-BY 2.0 (France) Attribution: tatoeba.org #449029 (CK) & #1349317 (marcelostockle)	https://creativecommons.org/licenses/by/2.0/fr/
620	677	1349319	marcelostockle	https://tatoeba.org/en/sentences/show/1349319	449029	CK	https://tatoeba.org/en/sentences/show/449029	CC-BY 2.0 (France) Attribution: tatoeba.org #449029 (CK) & #1349319 (marcelostockle)	https://creativecommons.org/licenses/by/2.0/fr/
621	678	1349320	marcelostockle	https://tatoeba.org/en/sentences/show/1349320	449029	CK	https://tatoeba.org/en/sentences/show/449029	CC-BY 2.0 (France) Attribution: tatoeba.org #449029 (CK) & #1349320 (marcelostockle)	https://creativecommons.org/licenses/by/2.0/fr/
622	679	2476932	francisco	https://tatoeba.org/en/sentences/show/2476932	2951593	CK	https://tatoeba.org/en/sentences/show/2951593	CC-BY 2.0 (France) Attribution: tatoeba.org #2951593 (CK) & #2476932 (francisco)	https://creativecommons.org/licenses/by/2.0/fr/
623	680	4554533	swyter	https://tatoeba.org/en/sentences/show/4554533	1972611	CK	https://tatoeba.org/en/sentences/show/1972611	CC-BY 2.0 (France) Attribution: tatoeba.org #1972611 (CK) & #4554533 (swyter)	https://creativecommons.org/licenses/by/2.0/fr/
624	681	1215247	El_mas_capo	https://tatoeba.org/en/sentences/show/1215247	39944	Swift	https://tatoeba.org/en/sentences/show/39944	CC-BY 2.0 (France) Attribution: tatoeba.org #39944 (Swift) & #1215247 (El_mas_capo)	https://creativecommons.org/licenses/by/2.0/fr/
625	682	1215248	El_mas_capo	https://tatoeba.org/en/sentences/show/1215248	39944	Swift	https://tatoeba.org/en/sentences/show/39944	CC-BY 2.0 (France) Attribution: tatoeba.org #39944 (Swift) & #1215248 (El_mas_capo)	https://creativecommons.org/licenses/by/2.0/fr/
626	683	2274674	Shishir	https://tatoeba.org/en/sentences/show/2274674	39944	Swift	https://tatoeba.org/en/sentences/show/39944	CC-BY 2.0 (France) Attribution: tatoeba.org #39944 (Swift) & #2274674 (Shishir)	https://creativecommons.org/licenses/by/2.0/fr/
627	684	6861149	arh	https://tatoeba.org/en/sentences/show/6861149	39944	Swift	https://tatoeba.org/en/sentences/show/39944	CC-BY 2.0 (France) Attribution: tatoeba.org #39944 (Swift) & #6861149 (arh)	https://creativecommons.org/licenses/by/2.0/fr/
628	685	3873833	cueyayotl	https://tatoeba.org/en/sentences/show/3873833	413767	Scott	https://tatoeba.org/en/sentences/show/413767	CC-BY 2.0 (France) Attribution: tatoeba.org #413767 (Scott) & #3873833 (cueyayotl)	https://creativecommons.org/licenses/by/2.0/fr/
629	687	3837503	cueyayotl	https://tatoeba.org/en/sentences/show/3837503	1972617	CK	https://tatoeba.org/en/sentences/show/1972617	CC-BY 2.0 (France) Attribution: tatoeba.org #1972617 (CK) & #3837503 (cueyayotl)	https://creativecommons.org/licenses/by/2.0/fr/
630	688	6586290	arh	https://tatoeba.org/en/sentences/show/6586290	1972617	CK	https://tatoeba.org/en/sentences/show/1972617	CC-BY 2.0 (France) Attribution: tatoeba.org #1972617 (CK) & #6586290 (arh)	https://creativecommons.org/licenses/by/2.0/fr/
631	689	6686413	arh	https://tatoeba.org/en/sentences/show/6686413	1972617	CK	https://tatoeba.org/en/sentences/show/1972617	CC-BY 2.0 (France) Attribution: tatoeba.org #1972617 (CK) & #6686413 (arh)	https://creativecommons.org/licenses/by/2.0/fr/
632	690	1602652	Shishir	https://tatoeba.org/en/sentences/show/1602652	1972619	CK	https://tatoeba.org/en/sentences/show/1972619	CC-BY 2.0 (France) Attribution: tatoeba.org #1972619 (CK) & #1602652 (Shishir)	https://creativecommons.org/licenses/by/2.0/fr/
633	691	3341642	cueyayotl	https://tatoeba.org/en/sentences/show/3341642	2005189	CK	https://tatoeba.org/en/sentences/show/2005189	CC-BY 2.0 (France) Attribution: tatoeba.org #2005189 (CK) & #3341642 (cueyayotl)	https://creativecommons.org/licenses/by/2.0/fr/
634	692	3341643	cueyayotl	https://tatoeba.org/en/sentences/show/3341643	2005189	CK	https://tatoeba.org/en/sentences/show/2005189	CC-BY 2.0 (France) Attribution: tatoeba.org #2005189 (CK) & #3341643 (cueyayotl)	https://creativecommons.org/licenses/by/2.0/fr/
635	693	2079102	Shishir	https://tatoeba.org/en/sentences/show/2079102	435763	CK	https://tatoeba.org/en/sentences/show/435763	CC-BY 2.0 (France) Attribution: tatoeba.org #435763 (CK) & #2079102 (Shishir)	https://creativecommons.org/licenses/by/2.0/fr/
636	694	7583580	arh	https://tatoeba.org/en/sentences/show/7583580	435763	CK	https://tatoeba.org/en/sentences/show/435763	CC-BY 2.0 (France) Attribution: tatoeba.org #435763 (CK) & #7583580 (arh)	https://creativecommons.org/licenses/by/2.0/fr/
637	695	7583581	arh	https://tatoeba.org/en/sentences/show/7583581	435763	CK	https://tatoeba.org/en/sentences/show/435763	CC-BY 2.0 (France) Attribution: tatoeba.org #435763 (CK) & #7583581 (arh)	https://creativecommons.org/licenses/by/2.0/fr/
638	696	11726493	Seael	https://tatoeba.org/en/sentences/show/11726493	435763	CK	https://tatoeba.org/en/sentences/show/435763	CC-BY 2.0 (France) Attribution: tatoeba.org #435763 (CK) & #11726493 (Seael)	https://creativecommons.org/licenses/by/2.0/fr/
639	697	4484152	cueyayotl	https://tatoeba.org/en/sentences/show/4484152	1357070	rul	https://tatoeba.org/en/sentences/show/1357070	CC-BY 2.0 (France) Attribution: tatoeba.org #1357070 (rul) & #4484152 (cueyayotl)	https://creativecommons.org/licenses/by/2.0/fr/
640	698	1061046	Shishir	https://tatoeba.org/en/sentences/show/1061046	320080	CM	https://tatoeba.org/en/sentences/show/320080	CC-BY 2.0 (France) Attribution: tatoeba.org #320080 (CM) & #1061046 (Shishir)	https://creativecommons.org/licenses/by/2.0/fr/
641	699	1251898	marcelostockle	https://tatoeba.org/en/sentences/show/1251898	953247	CK	https://tatoeba.org/en/sentences/show/953247	CC-BY 2.0 (France) Attribution: tatoeba.org #953247 (CK) & #1251898 (marcelostockle)	https://creativecommons.org/licenses/by/2.0/fr/
642	700	5046022	don_ramon	https://tatoeba.org/en/sentences/show/5046022	953247	CK	https://tatoeba.org/en/sentences/show/953247	CC-BY 2.0 (France) Attribution: tatoeba.org #953247 (CK) & #5046022 (don_ramon)	https://creativecommons.org/licenses/by/2.0/fr/
643	701	5046023	don_ramon	https://tatoeba.org/en/sentences/show/5046023	953247	CK	https://tatoeba.org/en/sentences/show/953247	CC-BY 2.0 (France) Attribution: tatoeba.org #953247 (CK) & #5046023 (don_ramon)	https://creativecommons.org/licenses/by/2.0/fr/
644	702	6168510	cueyayotl	https://tatoeba.org/en/sentences/show/6168510	953247	CK	https://tatoeba.org/en/sentences/show/953247	CC-BY 2.0 (France) Attribution: tatoeba.org #953247 (CK) & #6168510 (cueyayotl)	https://creativecommons.org/licenses/by/2.0/fr/
645	703	7977491	Seael	https://tatoeba.org/en/sentences/show/7977491	953247	CK	https://tatoeba.org/en/sentences/show/953247	CC-BY 2.0 (France) Attribution: tatoeba.org #953247 (CK) & #7977491 (Seael)	https://creativecommons.org/licenses/by/2.0/fr/
646	704	7977492	Seael	https://tatoeba.org/en/sentences/show/7977492	953247	CK	https://tatoeba.org/en/sentences/show/953247	CC-BY 2.0 (France) Attribution: tatoeba.org #953247 (CK) & #7977492 (Seael)	https://creativecommons.org/licenses/by/2.0/fr/
647	705	7977493	Seael	https://tatoeba.org/en/sentences/show/7977493	953247	CK	https://tatoeba.org/en/sentences/show/953247	CC-BY 2.0 (France) Attribution: tatoeba.org #953247 (CK) & #7977493 (Seael)	https://creativecommons.org/licenses/by/2.0/fr/
648	706	2694846	Shishir	https://tatoeba.org/en/sentences/show/2694846	1860499	CK	https://tatoeba.org/en/sentences/show/1860499	CC-BY 2.0 (France) Attribution: tatoeba.org #1860499 (CK) & #2694846 (Shishir)	https://creativecommons.org/licenses/by/2.0/fr/
649	707	9775074	arh	https://tatoeba.org/en/sentences/show/9775074	1860499	CK	https://tatoeba.org/en/sentences/show/1860499	CC-BY 2.0 (France) Attribution: tatoeba.org #1860499 (CK) & #9775074 (arh)	https://creativecommons.org/licenses/by/2.0/fr/
650	708	9775079	arh	https://tatoeba.org/en/sentences/show/9775079	1860499	CK	https://tatoeba.org/en/sentences/show/1860499	CC-BY 2.0 (France) Attribution: tatoeba.org #1860499 (CK) & #9775079 (arh)	https://creativecommons.org/licenses/by/2.0/fr/
651	709	2117470	Shishir	https://tatoeba.org/en/sentences/show/2117470	2111913	CK	https://tatoeba.org/en/sentences/show/2111913	CC-BY 2.0 (France) Attribution: tatoeba.org #2111913 (CK) & #2117470 (Shishir)	https://creativecommons.org/licenses/by/2.0/fr/
652	710	6682499	arh	https://tatoeba.org/en/sentences/show/6682499	2111907	CK	https://tatoeba.org/en/sentences/show/2111907	CC-BY 2.0 (France) Attribution: tatoeba.org #2111907 (CK) & #6682499 (arh)	https://creativecommons.org/licenses/by/2.0/fr/
653	711	514802	cueyayotl	https://tatoeba.org/en/sentences/show/514802	433504	CK	https://tatoeba.org/en/sentences/show/433504	CC-BY 2.0 (France) Attribution: tatoeba.org #433504 (CK) & #514802 (cueyayotl)	https://creativecommons.org/licenses/by/2.0/fr/
654	712	5165621	cueyayotl	https://tatoeba.org/en/sentences/show/5165621	433504	CK	https://tatoeba.org/en/sentences/show/433504	CC-BY 2.0 (France) Attribution: tatoeba.org #433504 (CK) & #5165621 (cueyayotl)	https://creativecommons.org/licenses/by/2.0/fr/
655	713	5083632	cueyayotl	https://tatoeba.org/en/sentences/show/5083632	434704	lukaszpp	https://tatoeba.org/en/sentences/show/434704	CC-BY 2.0 (France) Attribution: tatoeba.org #434704 (lukaszpp) & #5083632 (cueyayotl)	https://creativecommons.org/licenses/by/2.0/fr/
656	714	984561	Shishir	https://tatoeba.org/en/sentences/show/984561	433511	CK	https://tatoeba.org/en/sentences/show/433511	CC-BY 2.0 (France) Attribution: tatoeba.org #433511 (CK) & #984561 (Shishir)	https://creativecommons.org/licenses/by/2.0/fr/
657	715	2253018	Shishir	https://tatoeba.org/en/sentences/show/2253018	433511	CK	https://tatoeba.org/en/sentences/show/433511	CC-BY 2.0 (France) Attribution: tatoeba.org #433511 (CK) & #2253018 (Shishir)	https://creativecommons.org/licenses/by/2.0/fr/
658	717	4506013	cueyayotl	https://tatoeba.org/en/sentences/show/4506013	1972624	CK	https://tatoeba.org/en/sentences/show/1972624	CC-BY 2.0 (France) Attribution: tatoeba.org #1972624 (CK) & #4506013 (cueyayotl)	https://creativecommons.org/licenses/by/2.0/fr/
659	718	4506014	cueyayotl	https://tatoeba.org/en/sentences/show/4506014	1972624	CK	https://tatoeba.org/en/sentences/show/1972624	CC-BY 2.0 (France) Attribution: tatoeba.org #1972624 (CK) & #4506014 (cueyayotl)	https://creativecommons.org/licenses/by/2.0/fr/
660	719	4506015	cueyayotl	https://tatoeba.org/en/sentences/show/4506015	1972624	CK	https://tatoeba.org/en/sentences/show/1972624	CC-BY 2.0 (France) Attribution: tatoeba.org #1972624 (CK) & #4506015 (cueyayotl)	https://creativecommons.org/licenses/by/2.0/fr/
661	720	4506016	cueyayotl	https://tatoeba.org/en/sentences/show/4506016	1972624	CK	https://tatoeba.org/en/sentences/show/1972624	CC-BY 2.0 (France) Attribution: tatoeba.org #1972624 (CK) & #4506016 (cueyayotl)	https://creativecommons.org/licenses/by/2.0/fr/
662	721	4506017	cueyayotl	https://tatoeba.org/en/sentences/show/4506017	1972624	CK	https://tatoeba.org/en/sentences/show/1972624	CC-BY 2.0 (France) Attribution: tatoeba.org #1972624 (CK) & #4506017 (cueyayotl)	https://creativecommons.org/licenses/by/2.0/fr/
663	722	339334	tatoerique	https://tatoeba.org/en/sentences/show/339334	250135	CK	https://tatoeba.org/en/sentences/show/250135	CC-BY 2.0 (France) Attribution: tatoeba.org #250135 (CK) & #339334 (tatoerique)	https://creativecommons.org/licenses/by/2.0/fr/
664	723	1558733	wallebot	https://tatoeba.org/en/sentences/show/1558733	250135	CK	https://tatoeba.org/en/sentences/show/250135	CC-BY 2.0 (France) Attribution: tatoeba.org #250135 (CK) & #1558733 (wallebot)	https://creativecommons.org/licenses/by/2.0/fr/
665	724	1372254	marcelostockle	https://tatoeba.org/en/sentences/show/1372254	1972627	CK	https://tatoeba.org/en/sentences/show/1972627	CC-BY 2.0 (France) Attribution: tatoeba.org #1972627 (CK) & #1372254 (marcelostockle)	https://creativecommons.org/licenses/by/2.0/fr/
666	725	1178692	Shishir	https://tatoeba.org/en/sentences/show/1178692	1178694	CK	https://tatoeba.org/en/sentences/show/1178694	CC-BY 2.0 (France) Attribution: tatoeba.org #1178694 (CK) & #1178692 (Shishir)	https://creativecommons.org/licenses/by/2.0/fr/
667	727	1512807	marcelostockle	https://tatoeba.org/en/sentences/show/1512807	1512159	CM	https://tatoeba.org/en/sentences/show/1512159	CC-BY 2.0 (France) Attribution: tatoeba.org #1512159 (CM) & #1512807 (marcelostockle)	https://creativecommons.org/licenses/by/2.0/fr/
668	728	1512808	marcelostockle	https://tatoeba.org/en/sentences/show/1512808	1512159	CM	https://tatoeba.org/en/sentences/show/1512159	CC-BY 2.0 (France) Attribution: tatoeba.org #1512159 (CM) & #1512808 (marcelostockle)	https://creativecommons.org/licenses/by/2.0/fr/
669	729	1512809	marcelostockle	https://tatoeba.org/en/sentences/show/1512809	1512159	CM	https://tatoeba.org/en/sentences/show/1512159	CC-BY 2.0 (France) Attribution: tatoeba.org #1512159 (CM) & #1512809 (marcelostockle)	https://creativecommons.org/licenses/by/2.0/fr/
670	730	1512810	marcelostockle	https://tatoeba.org/en/sentences/show/1512810	1512159	CM	https://tatoeba.org/en/sentences/show/1512159	CC-BY 2.0 (France) Attribution: tatoeba.org #1512159 (CM) & #1512810 (marcelostockle)	https://creativecommons.org/licenses/by/2.0/fr/
671	731	4557213	swyter	https://tatoeba.org/en/sentences/show/4557213	1989588	CK	https://tatoeba.org/en/sentences/show/1989588	CC-BY 2.0 (France) Attribution: tatoeba.org #1989588 (CK) & #4557213 (swyter)	https://creativecommons.org/licenses/by/2.0/fr/
672	732	5769234	arh	https://tatoeba.org/en/sentences/show/5769234	9288972	DJ_Saidez	https://tatoeba.org/en/sentences/show/9288972	CC-BY 2.0 (France) Attribution: tatoeba.org #9288972 (DJ_Saidez) & #5769234 (arh)	https://creativecommons.org/licenses/by/2.0/fr/
673	733	3762445	Seael	https://tatoeba.org/en/sentences/show/3762445	4394847	CK	https://tatoeba.org/en/sentences/show/4394847	CC-BY 2.0 (France) Attribution: tatoeba.org #4394847 (CK) & #3762445 (Seael)	https://creativecommons.org/licenses/by/2.0/fr/
674	734	6600584	arh	https://tatoeba.org/en/sentences/show/6600584	4394847	CK	https://tatoeba.org/en/sentences/show/4394847	CC-BY 2.0 (France) Attribution: tatoeba.org #4394847 (CK) & #6600584 (arh)	https://creativecommons.org/licenses/by/2.0/fr/
675	736	3762448	Seael	https://tatoeba.org/en/sentences/show/3762448	1972634	CK	https://tatoeba.org/en/sentences/show/1972634	CC-BY 2.0 (France) Attribution: tatoeba.org #1972634 (CK) & #3762448 (Seael)	https://creativecommons.org/licenses/by/2.0/fr/
676	737	3762450	Seael	https://tatoeba.org/en/sentences/show/3762450	1972634	CK	https://tatoeba.org/en/sentences/show/1972634	CC-BY 2.0 (France) Attribution: tatoeba.org #1972634 (CK) & #3762450 (Seael)	https://creativecommons.org/licenses/by/2.0/fr/
677	739	2852370	marcelostockle	https://tatoeba.org/en/sentences/show/2852370	2649250	CK	https://tatoeba.org/en/sentences/show/2649250	CC-BY 2.0 (France) Attribution: tatoeba.org #2649250 (CK) & #2852370 (marcelostockle)	https://creativecommons.org/licenses/by/2.0/fr/
678	741	4506020	cueyayotl	https://tatoeba.org/en/sentences/show/4506020	1972637	CK	https://tatoeba.org/en/sentences/show/1972637	CC-BY 2.0 (France) Attribution: tatoeba.org #1972637 (CK) & #4506020 (cueyayotl)	https://creativecommons.org/licenses/by/2.0/fr/
679	742	6686422	arh	https://tatoeba.org/en/sentences/show/6686422	2111823	CK	https://tatoeba.org/en/sentences/show/2111823	CC-BY 2.0 (France) Attribution: tatoeba.org #2111823 (CK) & #6686422 (arh)	https://creativecommons.org/licenses/by/2.0/fr/
680	743	6686423	arh	https://tatoeba.org/en/sentences/show/6686423	2111823	CK	https://tatoeba.org/en/sentences/show/2111823	CC-BY 2.0 (France) Attribution: tatoeba.org #2111823 (CK) & #6686423 (arh)	https://creativecommons.org/licenses/by/2.0/fr/
681	744	6686425	arh	https://tatoeba.org/en/sentences/show/6686425	2111823	CK	https://tatoeba.org/en/sentences/show/2111823	CC-BY 2.0 (France) Attribution: tatoeba.org #2111823 (CK) & #6686425 (arh)	https://creativecommons.org/licenses/by/2.0/fr/
682	745	1249857	hayastan	https://tatoeba.org/en/sentences/show/1249857	302334	CK	https://tatoeba.org/en/sentences/show/302334	CC-BY 2.0 (France) Attribution: tatoeba.org #302334 (CK) & #1249857 (hayastan)	https://creativecommons.org/licenses/by/2.0/fr/
683	746	1249858	hayastan	https://tatoeba.org/en/sentences/show/1249858	302334	CK	https://tatoeba.org/en/sentences/show/302334	CC-BY 2.0 (France) Attribution: tatoeba.org #302334 (CK) & #1249858 (hayastan)	https://creativecommons.org/licenses/by/2.0/fr/
684	747	1221826	nancy	https://tatoeba.org/en/sentences/show/1221826	806401	FeuDRenais	https://tatoeba.org/en/sentences/show/806401	CC-BY 2.0 (France) Attribution: tatoeba.org #806401 (FeuDRenais) & #1221826 (nancy)	https://creativecommons.org/licenses/by/2.0/fr/
685	748	2113255	marcelostockle	https://tatoeba.org/en/sentences/show/2113255	1320015	Eldad	https://tatoeba.org/en/sentences/show/1320015	CC-BY 2.0 (France) Attribution: tatoeba.org #1320015 (Eldad) & #2113255 (marcelostockle)	https://creativecommons.org/licenses/by/2.0/fr/
686	749	1314247	hayastan	https://tatoeba.org/en/sentences/show/1314247	1383444	CK	https://tatoeba.org/en/sentences/show/1383444	CC-BY 2.0 (France) Attribution: tatoeba.org #1383444 (CK) & #1314247 (hayastan)	https://creativecommons.org/licenses/by/2.0/fr/
687	750	1205531	marcelostockle	https://tatoeba.org/en/sentences/show/1205531	838848	Scott	https://tatoeba.org/en/sentences/show/838848	CC-BY 2.0 (France) Attribution: tatoeba.org #838848 (Scott) & #1205531 (marcelostockle)	https://creativecommons.org/licenses/by/2.0/fr/
688	751	1861958	Shishir	https://tatoeba.org/en/sentences/show/1861958	1855193	Spamster	https://tatoeba.org/en/sentences/show/1855193	CC-BY 2.0 (France) Attribution: tatoeba.org #1855193 (Spamster) & #1861958 (Shishir)	https://creativecommons.org/licenses/by/2.0/fr/
689	752	1343055	marcelostockle	https://tatoeba.org/en/sentences/show/1343055	1790802	Spamster	https://tatoeba.org/en/sentences/show/1790802	CC-BY 2.0 (France) Attribution: tatoeba.org #1790802 (Spamster) & #1343055 (marcelostockle)	https://creativecommons.org/licenses/by/2.0/fr/
690	753	3316023	Shishir	https://tatoeba.org/en/sentences/show/3316023	1790802	Spamster	https://tatoeba.org/en/sentences/show/1790802	CC-BY 2.0 (France) Attribution: tatoeba.org #1790802 (Spamster) & #3316023 (Shishir)	https://creativecommons.org/licenses/by/2.0/fr/
691	754	1543344	hayastan	https://tatoeba.org/en/sentences/show/1543344	1540806	CK	https://tatoeba.org/en/sentences/show/1540806	CC-BY 2.0 (France) Attribution: tatoeba.org #1540806 (CK) & #1543344 (hayastan)	https://creativecommons.org/licenses/by/2.0/fr/
692	755	4506022	cueyayotl	https://tatoeba.org/en/sentences/show/4506022	1972645	CK	https://tatoeba.org/en/sentences/show/1972645	CC-BY 2.0 (France) Attribution: tatoeba.org #1972645 (CK) & #4506022 (cueyayotl)	https://creativecommons.org/licenses/by/2.0/fr/
693	756	1286248	hayastan	https://tatoeba.org/en/sentences/show/1286248	72077	CM	https://tatoeba.org/en/sentences/show/72077	CC-BY 2.0 (France) Attribution: tatoeba.org #72077 (CM) & #1286248 (hayastan)	https://creativecommons.org/licenses/by/2.0/fr/
694	757	1708253	Shishir	https://tatoeba.org/en/sentences/show/1708253	4462562	CK	https://tatoeba.org/en/sentences/show/4462562	CC-BY 2.0 (France) Attribution: tatoeba.org #4462562 (CK) & #1708253 (Shishir)	https://creativecommons.org/licenses/by/2.0/fr/
695	758	2011175	Shishir	https://tatoeba.org/en/sentences/show/2011175	2005177	CK	https://tatoeba.org/en/sentences/show/2005177	CC-BY 2.0 (France) Attribution: tatoeba.org #2005177 (CK) & #2011175 (Shishir)	https://creativecommons.org/licenses/by/2.0/fr/
696	759	5752509	arh	https://tatoeba.org/en/sentences/show/5752509	2203861	CK	https://tatoeba.org/en/sentences/show/2203861	CC-BY 2.0 (France) Attribution: tatoeba.org #2203861 (CK) & #5752509 (arh)	https://creativecommons.org/licenses/by/2.0/fr/
697	762	1546445	marcelostockle	https://tatoeba.org/en/sentences/show/1546445	1120792	cntrational	https://tatoeba.org/en/sentences/show/1120792	CC-BY 2.0 (France) Attribution: tatoeba.org #1120792 (cntrational) & #1546445 (marcelostockle)	https://creativecommons.org/licenses/by/2.0/fr/
698	767	736673	ventana	https://tatoeba.org/en/sentences/show/736673	574624	Zac2333	https://tatoeba.org/en/sentences/show/574624	CC-BY 2.0 (France) Attribution: tatoeba.org #574624 (Zac2333) & #736673 (ventana)	https://creativecommons.org/licenses/by/2.0/fr/
699	768	1072316	hayastan	https://tatoeba.org/en/sentences/show/1072316	797290	U2FS	https://tatoeba.org/en/sentences/show/797290	CC-BY 2.0 (France) Attribution: tatoeba.org #797290 (U2FS) & #1072316 (hayastan)	https://creativecommons.org/licenses/by/2.0/fr/
700	769	1296285	marcelostockle	https://tatoeba.org/en/sentences/show/1296285	797290	U2FS	https://tatoeba.org/en/sentences/show/797290	CC-BY 2.0 (France) Attribution: tatoeba.org #797290 (U2FS) & #1296285 (marcelostockle)	https://creativecommons.org/licenses/by/2.0/fr/
701	770	7623644	arh	https://tatoeba.org/en/sentences/show/7623644	7538193	CK	https://tatoeba.org/en/sentences/show/7538193	CC-BY 2.0 (France) Attribution: tatoeba.org #7538193 (CK) & #7623644 (arh)	https://creativecommons.org/licenses/by/2.0/fr/
702	771	4066589	Asynja	https://tatoeba.org/en/sentences/show/4066589	774825	marloncori	https://tatoeba.org/en/sentences/show/774825	CC-BY 2.0 (France) Attribution: tatoeba.org #774825 (marloncori) & #4066589 (Asynja)	https://creativecommons.org/licenses/by/2.0/fr/
703	772	1173665	Shishir	https://tatoeba.org/en/sentences/show/1173665	1173661	CK	https://tatoeba.org/en/sentences/show/1173661	CC-BY 2.0 (France) Attribution: tatoeba.org #1173661 (CK) & #1173665 (Shishir)	https://creativecommons.org/licenses/by/2.0/fr/
704	773	1173666	Shishir	https://tatoeba.org/en/sentences/show/1173666	1173661	CK	https://tatoeba.org/en/sentences/show/1173661	CC-BY 2.0 (France) Attribution: tatoeba.org #1173661 (CK) & #1173666 (Shishir)	https://creativecommons.org/licenses/by/2.0/fr/
705	774	453618	Shishir	https://tatoeba.org/en/sentences/show/453618	52315	CK	https://tatoeba.org/en/sentences/show/52315	CC-BY 2.0 (France) Attribution: tatoeba.org #52315 (CK) & #453618 (Shishir)	https://creativecommons.org/licenses/by/2.0/fr/
706	775	10637992	Seael	https://tatoeba.org/en/sentences/show/10637992	5828658	CK	https://tatoeba.org/en/sentences/show/5828658	CC-BY 2.0 (France) Attribution: tatoeba.org #5828658 (CK) & #10637992 (Seael)	https://creativecommons.org/licenses/by/2.0/fr/
707	776	10637993	Seael	https://tatoeba.org/en/sentences/show/10637993	5828658	CK	https://tatoeba.org/en/sentences/show/5828658	CC-BY 2.0 (France) Attribution: tatoeba.org #5828658 (CK) & #10637993 (Seael)	https://creativecommons.org/licenses/by/2.0/fr/
708	777	6764927	arh	https://tatoeba.org/en/sentences/show/6764927	5828661	CK	https://tatoeba.org/en/sentences/show/5828661	CC-BY 2.0 (France) Attribution: tatoeba.org #5828661 (CK) & #6764927 (arh)	https://creativecommons.org/licenses/by/2.0/fr/
709	778	6602883	arh	https://tatoeba.org/en/sentences/show/6602883	2311244	Hybrid	https://tatoeba.org/en/sentences/show/2311244	CC-BY 2.0 (France) Attribution: tatoeba.org #2311244 (Hybrid) & #6602883 (arh)	https://creativecommons.org/licenses/by/2.0/fr/
710	779	7623645	arh	https://tatoeba.org/en/sentences/show/7623645	7538195	CK	https://tatoeba.org/en/sentences/show/7538195	CC-BY 2.0 (France) Attribution: tatoeba.org #7538195 (CK) & #7623645 (arh)	https://creativecommons.org/licenses/by/2.0/fr/
711	780	340385	tatoerique	https://tatoeba.org/en/sentences/show/340385	20364	CK	https://tatoeba.org/en/sentences/show/20364	CC-BY 2.0 (France) Attribution: tatoeba.org #20364 (CK) & #340385 (tatoerique)	https://creativecommons.org/licenses/by/2.0/fr/
712	781	2717950	marcelostockle	https://tatoeba.org/en/sentences/show/2717950	20364	CK	https://tatoeba.org/en/sentences/show/20364	CC-BY 2.0 (France) Attribution: tatoeba.org #20364 (CK) & #2717950 (marcelostockle)	https://creativecommons.org/licenses/by/2.0/fr/
713	782	6694270	arh	https://tatoeba.org/en/sentences/show/6694270	2863162	Amastan	https://tatoeba.org/en/sentences/show/2863162	CC-BY 2.0 (France) Attribution: tatoeba.org #2863162 (Amastan) & #6694270 (arh)	https://creativecommons.org/licenses/by/2.0/fr/
714	783	6694276	arh	https://tatoeba.org/en/sentences/show/6694276	2863162	Amastan	https://tatoeba.org/en/sentences/show/2863162	CC-BY 2.0 (France) Attribution: tatoeba.org #2863162 (Amastan) & #6694276 (arh)	https://creativecommons.org/licenses/by/2.0/fr/
715	784	6694277	arh	https://tatoeba.org/en/sentences/show/6694277	2863162	Amastan	https://tatoeba.org/en/sentences/show/2863162	CC-BY 2.0 (France) Attribution: tatoeba.org #2863162 (Amastan) & #6694277 (arh)	https://creativecommons.org/licenses/by/2.0/fr/
716	785	6694278	arh	https://tatoeba.org/en/sentences/show/6694278	2863162	Amastan	https://tatoeba.org/en/sentences/show/2863162	CC-BY 2.0 (France) Attribution: tatoeba.org #2863162 (Amastan) & #6694278 (arh)	https://creativecommons.org/licenses/by/2.0/fr/
717	786	502071	Shishir	https://tatoeba.org/en/sentences/show/502071	904789	Trailsend	https://tatoeba.org/en/sentences/show/904789	CC-BY 2.0 (France) Attribution: tatoeba.org #904789 (Trailsend) & #502071 (Shishir)	https://creativecommons.org/licenses/by/2.0/fr/
718	787	6682415	arh	https://tatoeba.org/en/sentences/show/6682415	904789	Trailsend	https://tatoeba.org/en/sentences/show/904789	CC-BY 2.0 (France) Attribution: tatoeba.org #904789 (Trailsend) & #6682415 (arh)	https://creativecommons.org/licenses/by/2.0/fr/
719	788	6682416	arh	https://tatoeba.org/en/sentences/show/6682416	904789	Trailsend	https://tatoeba.org/en/sentences/show/904789	CC-BY 2.0 (France) Attribution: tatoeba.org #904789 (Trailsend) & #6682416 (arh)	https://creativecommons.org/licenses/by/2.0/fr/
720	790	3773281	Seael	https://tatoeba.org/en/sentences/show/3773281	3172150	CK	https://tatoeba.org/en/sentences/show/3172150	CC-BY 2.0 (France) Attribution: tatoeba.org #3172150 (CK) & #3773281 (Seael)	https://creativecommons.org/licenses/by/2.0/fr/
721	791	3773282	Seael	https://tatoeba.org/en/sentences/show/3773282	3172150	CK	https://tatoeba.org/en/sentences/show/3172150	CC-BY 2.0 (France) Attribution: tatoeba.org #3172150 (CK) & #3773282 (Seael)	https://creativecommons.org/licenses/by/2.0/fr/
722	792	9434719	Shishir	https://tatoeba.org/en/sentences/show/9434719	9686313	DJ_Saidez	https://tatoeba.org/en/sentences/show/9686313	CC-BY 2.0 (France) Attribution: tatoeba.org #9686313 (DJ_Saidez) & #9434719 (Shishir)	https://creativecommons.org/licenses/by/2.0/fr/
723	793	9680919	Shishir	https://tatoeba.org/en/sentences/show/9680919	9686313	DJ_Saidez	https://tatoeba.org/en/sentences/show/9686313	CC-BY 2.0 (France) Attribution: tatoeba.org #9686313 (DJ_Saidez) & #9680919 (Shishir)	https://creativecommons.org/licenses/by/2.0/fr/
724	795	3876781	SrTortuga	https://tatoeba.org/en/sentences/show/3876781	3823453	CK	https://tatoeba.org/en/sentences/show/3823453	CC-BY 2.0 (France) Attribution: tatoeba.org #3823453 (CK) & #3876781 (SrTortuga)	https://creativecommons.org/licenses/by/2.0/fr/
725	796	5124589	ecorralest101	https://tatoeba.org/en/sentences/show/5124589	3823453	CK	https://tatoeba.org/en/sentences/show/3823453	CC-BY 2.0 (France) Attribution: tatoeba.org #3823453 (CK) & #5124589 (ecorralest101)	https://creativecommons.org/licenses/by/2.0/fr/
726	797	5124590	ecorralest101	https://tatoeba.org/en/sentences/show/5124590	3823453	CK	https://tatoeba.org/en/sentences/show/3823453	CC-BY 2.0 (France) Attribution: tatoeba.org #3823453 (CK) & #5124590 (ecorralest101)	https://creativecommons.org/licenses/by/2.0/fr/
727	798	2624500	Shishir	https://tatoeba.org/en/sentences/show/2624500	2235723	CK	https://tatoeba.org/en/sentences/show/2235723	CC-BY 2.0 (France) Attribution: tatoeba.org #2235723 (CK) & #2624500 (Shishir)	https://creativecommons.org/licenses/by/2.0/fr/
728	799	5752513	arh	https://tatoeba.org/en/sentences/show/5752513	2235723	CK	https://tatoeba.org/en/sentences/show/2235723	CC-BY 2.0 (France) Attribution: tatoeba.org #2235723 (CK) & #5752513 (arh)	https://creativecommons.org/licenses/by/2.0/fr/
729	800	792977	Shishir	https://tatoeba.org/en/sentences/show/792977	51142	CK	https://tatoeba.org/en/sentences/show/51142	CC-BY 2.0 (France) Attribution: tatoeba.org #51142 (CK) & #792977 (Shishir)	https://creativecommons.org/licenses/by/2.0/fr/
730	801	5032389	don_ramon	https://tatoeba.org/en/sentences/show/5032389	6358760	CK	https://tatoeba.org/en/sentences/show/6358760	CC-BY 2.0 (France) Attribution: tatoeba.org #6358760 (CK) & #5032389 (don_ramon)	https://creativecommons.org/licenses/by/2.0/fr/
731	802	2442882	fgreco	https://tatoeba.org/en/sentences/show/2442882	8399031	CK	https://tatoeba.org/en/sentences/show/8399031	CC-BY 2.0 (France) Attribution: tatoeba.org #8399031 (CK) & #2442882 (fgreco)	https://creativecommons.org/licenses/by/2.0/fr/
732	803	8410529	arh	https://tatoeba.org/en/sentences/show/8410529	8399031	CK	https://tatoeba.org/en/sentences/show/8399031	CC-BY 2.0 (France) Attribution: tatoeba.org #8399031 (CK) & #8410529 (arh)	https://creativecommons.org/licenses/by/2.0/fr/
733	804	1661003	wallebot	https://tatoeba.org/en/sentences/show/1661003	1209117	CK	https://tatoeba.org/en/sentences/show/1209117	CC-BY 2.0 (France) Attribution: tatoeba.org #1209117 (CK) & #1661003 (wallebot)	https://creativecommons.org/licenses/by/2.0/fr/
734	805	576614	Shishir	https://tatoeba.org/en/sentences/show/576614	258713	CK	https://tatoeba.org/en/sentences/show/258713	CC-BY 2.0 (France) Attribution: tatoeba.org #258713 (CK) & #576614 (Shishir)	https://creativecommons.org/licenses/by/2.0/fr/
735	806	743883	chinopinyin	https://tatoeba.org/en/sentences/show/743883	1520245	ABChessel	https://tatoeba.org/en/sentences/show/1520245	CC-BY 2.0 (France) Attribution: tatoeba.org #1520245 (ABChessel) & #743883 (chinopinyin)	https://creativecommons.org/licenses/by/2.0/fr/
736	807	10081329	Shishir	https://tatoeba.org/en/sentences/show/10081329	1520245	ABChessel	https://tatoeba.org/en/sentences/show/1520245	CC-BY 2.0 (France) Attribution: tatoeba.org #1520245 (ABChessel) & #10081329 (Shishir)	https://creativecommons.org/licenses/by/2.0/fr/
737	808	4340939	DarkHollow	https://tatoeba.org/en/sentences/show/4340939	2245956	CK	https://tatoeba.org/en/sentences/show/2245956	CC-BY 2.0 (France) Attribution: tatoeba.org #2245956 (CK) & #4340939 (DarkHollow)	https://creativecommons.org/licenses/by/2.0/fr/
738	809	1408505	marcelostockle	https://tatoeba.org/en/sentences/show/1408505	1132072	CK	https://tatoeba.org/en/sentences/show/1132072	CC-BY 2.0 (France) Attribution: tatoeba.org #1132072 (CK) & #1408505 (marcelostockle)	https://creativecommons.org/licenses/by/2.0/fr/
739	810	3100144	Shishir	https://tatoeba.org/en/sentences/show/3100144	3812708	robbieheslop	https://tatoeba.org/en/sentences/show/3812708	CC-BY 2.0 (France) Attribution: tatoeba.org #3812708 (robbieheslop) & #3100144 (Shishir)	https://creativecommons.org/licenses/by/2.0/fr/
740	811	1235512	marcelostockle	https://tatoeba.org/en/sentences/show/1235512	322125	jakov	https://tatoeba.org/en/sentences/show/322125	CC-BY 2.0 (France) Attribution: tatoeba.org #322125 (jakov) & #1235512 (marcelostockle)	https://creativecommons.org/licenses/by/2.0/fr/
741	812	845632	pilotcdmark	https://tatoeba.org/en/sentences/show/845632	250804	CK	https://tatoeba.org/en/sentences/show/250804	CC-BY 2.0 (France) Attribution: tatoeba.org #250804 (CK) & #845632 (pilotcdmark)	https://creativecommons.org/licenses/by/2.0/fr/
742	814	5752554	arh	https://tatoeba.org/en/sentences/show/5752554	6196260	CK	https://tatoeba.org/en/sentences/show/6196260	CC-BY 2.0 (France) Attribution: tatoeba.org #6196260 (CK) & #5752554 (arh)	https://creativecommons.org/licenses/by/2.0/fr/
743	815	10233348	manufrutos	https://tatoeba.org/en/sentences/show/10233348	6196260	CK	https://tatoeba.org/en/sentences/show/6196260	CC-BY 2.0 (France) Attribution: tatoeba.org #6196260 (CK) & #10233348 (manufrutos)	https://creativecommons.org/licenses/by/2.0/fr/
744	816	6599012	arh	https://tatoeba.org/en/sentences/show/6599012	1337519	CK	https://tatoeba.org/en/sentences/show/1337519	CC-BY 2.0 (France) Attribution: tatoeba.org #1337519 (CK) & #6599012 (arh)	https://creativecommons.org/licenses/by/2.0/fr/
745	817	6599014	arh	https://tatoeba.org/en/sentences/show/6599014	1337519	CK	https://tatoeba.org/en/sentences/show/1337519	CC-BY 2.0 (France) Attribution: tatoeba.org #1337519 (CK) & #6599014 (arh)	https://creativecommons.org/licenses/by/2.0/fr/
746	818	6599015	arh	https://tatoeba.org/en/sentences/show/6599015	1337519	CK	https://tatoeba.org/en/sentences/show/1337519	CC-BY 2.0 (France) Attribution: tatoeba.org #1337519 (CK) & #6599015 (arh)	https://creativecommons.org/licenses/by/2.0/fr/
747	819	3120523	cueyayotl	https://tatoeba.org/en/sentences/show/3120523	2246009	CK	https://tatoeba.org/en/sentences/show/2246009	CC-BY 2.0 (France) Attribution: tatoeba.org #2246009 (CK) & #3120523 (cueyayotl)	https://creativecommons.org/licenses/by/2.0/fr/
748	820	7724280	arh	https://tatoeba.org/en/sentences/show/7724280	2405884	CK	https://tatoeba.org/en/sentences/show/2405884	CC-BY 2.0 (France) Attribution: tatoeba.org #2405884 (CK) & #7724280 (arh)	https://creativecommons.org/licenses/by/2.0/fr/
749	821	2418251	hayastan	https://tatoeba.org/en/sentences/show/2418251	2244569	CK	https://tatoeba.org/en/sentences/show/2244569	CC-BY 2.0 (France) Attribution: tatoeba.org #2244569 (CK) & #2418251 (hayastan)	https://creativecommons.org/licenses/by/2.0/fr/
750	822	523508	Shishir	https://tatoeba.org/en/sentences/show/523508	519963	darinmex	https://tatoeba.org/en/sentences/show/519963	CC-BY 2.0 (France) Attribution: tatoeba.org #519963 (darinmex) & #523508 (Shishir)	https://creativecommons.org/licenses/by/2.0/fr/
751	824	6694287	arh	https://tatoeba.org/en/sentences/show/6694287	3168241	CK	https://tatoeba.org/en/sentences/show/3168241	CC-BY 2.0 (France) Attribution: tatoeba.org #3168241 (CK) & #6694287 (arh)	https://creativecommons.org/licenses/by/2.0/fr/
752	825	6694288	arh	https://tatoeba.org/en/sentences/show/6694288	3168241	CK	https://tatoeba.org/en/sentences/show/3168241	CC-BY 2.0 (France) Attribution: tatoeba.org #3168241 (CK) & #6694288 (arh)	https://creativecommons.org/licenses/by/2.0/fr/
753	826	6694289	arh	https://tatoeba.org/en/sentences/show/6694289	3168241	CK	https://tatoeba.org/en/sentences/show/3168241	CC-BY 2.0 (France) Attribution: tatoeba.org #3168241 (CK) & #6694289 (arh)	https://creativecommons.org/licenses/by/2.0/fr/
754	827	5364169	cueyayotl	https://tatoeba.org/en/sentences/show/5364169	2247402	CK	https://tatoeba.org/en/sentences/show/2247402	CC-BY 2.0 (France) Attribution: tatoeba.org #2247402 (CK) & #5364169 (cueyayotl)	https://creativecommons.org/licenses/by/2.0/fr/
755	828	5364172	cueyayotl	https://tatoeba.org/en/sentences/show/5364172	2247402	CK	https://tatoeba.org/en/sentences/show/2247402	CC-BY 2.0 (France) Attribution: tatoeba.org #2247402 (CK) & #5364172 (cueyayotl)	https://creativecommons.org/licenses/by/2.0/fr/
756	829	2624555	Shishir	https://tatoeba.org/en/sentences/show/2624555	2235735	CK	https://tatoeba.org/en/sentences/show/2235735	CC-BY 2.0 (France) Attribution: tatoeba.org #2235735 (CK) & #2624555 (Shishir)	https://creativecommons.org/licenses/by/2.0/fr/
757	830	2769290	marcelostockle	https://tatoeba.org/en/sentences/show/2769290	5828676	CK	https://tatoeba.org/en/sentences/show/5828676	CC-BY 2.0 (France) Attribution: tatoeba.org #5828676 (CK) & #2769290 (marcelostockle)	https://creativecommons.org/licenses/by/2.0/fr/
758	831	10632239	Seael	https://tatoeba.org/en/sentences/show/10632239	5828678	CK	https://tatoeba.org/en/sentences/show/5828678	CC-BY 2.0 (France) Attribution: tatoeba.org #5828678 (CK) & #10632239 (Seael)	https://creativecommons.org/licenses/by/2.0/fr/
759	832	10632233	Seael	https://tatoeba.org/en/sentences/show/10632233	5828679	CK	https://tatoeba.org/en/sentences/show/5828679	CC-BY 2.0 (France) Attribution: tatoeba.org #5828679 (CK) & #10632233 (Seael)	https://creativecommons.org/licenses/by/2.0/fr/
760	833	10632235	Seael	https://tatoeba.org/en/sentences/show/10632235	5828679	CK	https://tatoeba.org/en/sentences/show/5828679	CC-BY 2.0 (France) Attribution: tatoeba.org #5828679 (CK) & #10632235 (Seael)	https://creativecommons.org/licenses/by/2.0/fr/
761	834	4526802	cueyayotl	https://tatoeba.org/en/sentences/show/4526802	2111794	CK	https://tatoeba.org/en/sentences/show/2111794	CC-BY 2.0 (France) Attribution: tatoeba.org #2111794 (CK) & #4526802 (cueyayotl)	https://creativecommons.org/licenses/by/2.0/fr/
762	835	6813262	arh	https://tatoeba.org/en/sentences/show/6813262	2200024	CK	https://tatoeba.org/en/sentences/show/2200024	CC-BY 2.0 (France) Attribution: tatoeba.org #2200024 (CK) & #6813262 (arh)	https://creativecommons.org/licenses/by/2.0/fr/
763	836	9443885	ignacio	https://tatoeba.org/en/sentences/show/9443885	4695537	Hybrid	https://tatoeba.org/en/sentences/show/4695537	CC-BY 2.0 (France) Attribution: tatoeba.org #4695537 (Hybrid) & #9443885 (ignacio)	https://creativecommons.org/licenses/by/2.0/fr/
764	838	9452763	ignacio	https://tatoeba.org/en/sentences/show/9452763	3818967	CK	https://tatoeba.org/en/sentences/show/3818967	CC-BY 2.0 (France) Attribution: tatoeba.org #3818967 (CK) & #9452763 (ignacio)	https://creativecommons.org/licenses/by/2.0/fr/
765	839	12527578	Shishir	https://tatoeba.org/en/sentences/show/12527578	3823427	CK	https://tatoeba.org/en/sentences/show/3823427	CC-BY 2.0 (France) Attribution: tatoeba.org #3823427 (CK) & #12527578 (Shishir)	https://creativecommons.org/licenses/by/2.0/fr/
766	840	6682497	arh	https://tatoeba.org/en/sentences/show/6682497	2111783	CK	https://tatoeba.org/en/sentences/show/2111783	CC-BY 2.0 (France) Attribution: tatoeba.org #2111783 (CK) & #6682497 (arh)	https://creativecommons.org/licenses/by/2.0/fr/
767	841	6682498	arh	https://tatoeba.org/en/sentences/show/6682498	2111783	CK	https://tatoeba.org/en/sentences/show/2111783	CC-BY 2.0 (France) Attribution: tatoeba.org #2111783 (CK) & #6682498 (arh)	https://creativecommons.org/licenses/by/2.0/fr/
768	842	6682508	arh	https://tatoeba.org/en/sentences/show/6682508	2123627	CK	https://tatoeba.org/en/sentences/show/2123627	CC-BY 2.0 (France) Attribution: tatoeba.org #2123627 (CK) & #6682508 (arh)	https://creativecommons.org/licenses/by/2.0/fr/
769	843	4551454	Shishir	https://tatoeba.org/en/sentences/show/4551454	2111772	CK	https://tatoeba.org/en/sentences/show/2111772	CC-BY 2.0 (France) Attribution: tatoeba.org #2111772 (CK) & #4551454 (Shishir)	https://creativecommons.org/licenses/by/2.0/fr/
770	844	9969835	arh	https://tatoeba.org/en/sentences/show/9969835	2111769	CK	https://tatoeba.org/en/sentences/show/2111769	CC-BY 2.0 (France) Attribution: tatoeba.org #2111769 (CK) & #9969835 (arh)	https://creativecommons.org/licenses/by/2.0/fr/
771	845	9969925	Shishir	https://tatoeba.org/en/sentences/show/9969925	2111769	CK	https://tatoeba.org/en/sentences/show/2111769	CC-BY 2.0 (France) Attribution: tatoeba.org #2111769 (CK) & #9969925 (Shishir)	https://creativecommons.org/licenses/by/2.0/fr/
772	846	6694280	arh	https://tatoeba.org/en/sentences/show/6694280	2878242	CK	https://tatoeba.org/en/sentences/show/2878242	CC-BY 2.0 (France) Attribution: tatoeba.org #2878242 (CK) & #6694280 (arh)	https://creativecommons.org/licenses/by/2.0/fr/
773	847	6694281	arh	https://tatoeba.org/en/sentences/show/6694281	2878242	CK	https://tatoeba.org/en/sentences/show/2878242	CC-BY 2.0 (France) Attribution: tatoeba.org #2878242 (CK) & #6694281 (arh)	https://creativecommons.org/licenses/by/2.0/fr/
774	848	1939149	teskmon	https://tatoeba.org/en/sentences/show/1939149	2111766	CK	https://tatoeba.org/en/sentences/show/2111766	CC-BY 2.0 (France) Attribution: tatoeba.org #2111766 (CK) & #1939149 (teskmon)	https://creativecommons.org/licenses/by/2.0/fr/
775	849	6763149	arh	https://tatoeba.org/en/sentences/show/6763149	2111766	CK	https://tatoeba.org/en/sentences/show/2111766	CC-BY 2.0 (France) Attribution: tatoeba.org #2111766 (CK) & #6763149 (arh)	https://creativecommons.org/licenses/by/2.0/fr/
776	850	6763145	arh	https://tatoeba.org/en/sentences/show/6763145	2111765	CK	https://tatoeba.org/en/sentences/show/2111765	CC-BY 2.0 (France) Attribution: tatoeba.org #2111765 (CK) & #6763145 (arh)	https://creativecommons.org/licenses/by/2.0/fr/
777	851	6763146	arh	https://tatoeba.org/en/sentences/show/6763146	2111765	CK	https://tatoeba.org/en/sentences/show/2111765	CC-BY 2.0 (France) Attribution: tatoeba.org #2111765 (CK) & #6763146 (arh)	https://creativecommons.org/licenses/by/2.0/fr/
778	852	2353285	Shishir	https://tatoeba.org/en/sentences/show/2353285	1188049	sacredceltic	https://tatoeba.org/en/sentences/show/1188049	CC-BY 2.0 (France) Attribution: tatoeba.org #1188049 (sacredceltic) & #2353285 (Shishir)	https://creativecommons.org/licenses/by/2.0/fr/
779	853	9665408	arh	https://tatoeba.org/en/sentences/show/9665408	7426412	CK	https://tatoeba.org/en/sentences/show/7426412	CC-BY 2.0 (France) Attribution: tatoeba.org #7426412 (CK) & #9665408 (arh)	https://creativecommons.org/licenses/by/2.0/fr/
780	854	781040	chinopinyin	https://tatoeba.org/en/sentences/show/781040	580774	CM	https://tatoeba.org/en/sentences/show/580774	CC-BY 2.0 (France) Attribution: tatoeba.org #580774 (CM) & #781040 (chinopinyin)	https://creativecommons.org/licenses/by/2.0/fr/
781	855	12889373	ecorralest101	https://tatoeba.org/en/sentences/show/12889373	580774	CM	https://tatoeba.org/en/sentences/show/580774	CC-BY 2.0 (France) Attribution: tatoeba.org #580774 (CM) & #12889373 (ecorralest101)	https://creativecommons.org/licenses/by/2.0/fr/
782	856	2436400	kuma	https://tatoeba.org/en/sentences/show/2436400	2247895	CK	https://tatoeba.org/en/sentences/show/2247895	CC-BY 2.0 (France) Attribution: tatoeba.org #2247895 (CK) & #2436400 (kuma)	https://creativecommons.org/licenses/by/2.0/fr/
783	857	12889910	ecorralest101	https://tatoeba.org/en/sentences/show/12889910	8397753	CK	https://tatoeba.org/en/sentences/show/8397753	CC-BY 2.0 (France) Attribution: tatoeba.org #8397753 (CK) & #12889910 (ecorralest101)	https://creativecommons.org/licenses/by/2.0/fr/
784	858	12889922	ecorralest101	https://tatoeba.org/en/sentences/show/12889922	8397753	CK	https://tatoeba.org/en/sentences/show/8397753	CC-BY 2.0 (France) Attribution: tatoeba.org #8397753 (CK) & #12889922 (ecorralest101)	https://creativecommons.org/licenses/by/2.0/fr/
785	859	3777990	cueyayotl	https://tatoeba.org/en/sentences/show/3777990	2111761	CK	https://tatoeba.org/en/sentences/show/2111761	CC-BY 2.0 (France) Attribution: tatoeba.org #2111761 (CK) & #3777990 (cueyayotl)	https://creativecommons.org/licenses/by/2.0/fr/
786	860	3777991	cueyayotl	https://tatoeba.org/en/sentences/show/3777991	2111761	CK	https://tatoeba.org/en/sentences/show/2111761	CC-BY 2.0 (France) Attribution: tatoeba.org #2111761 (CK) & #3777991 (cueyayotl)	https://creativecommons.org/licenses/by/2.0/fr/
787	861	3856347	cueyayotl	https://tatoeba.org/en/sentences/show/3856347	2111761	CK	https://tatoeba.org/en/sentences/show/2111761	CC-BY 2.0 (France) Attribution: tatoeba.org #2111761 (CK) & #3856347 (cueyayotl)	https://creativecommons.org/licenses/by/2.0/fr/
788	862	3856348	cueyayotl	https://tatoeba.org/en/sentences/show/3856348	2111761	CK	https://tatoeba.org/en/sentences/show/2111761	CC-BY 2.0 (France) Attribution: tatoeba.org #2111761 (CK) & #3856348 (cueyayotl)	https://creativecommons.org/licenses/by/2.0/fr/
789	865	10519206	ecorralest101	https://tatoeba.org/en/sentences/show/10519206	507444	callmath	https://tatoeba.org/en/sentences/show/507444	CC-BY 2.0 (France) Attribution: tatoeba.org #507444 (callmath) & #10519206 (ecorralest101)	https://creativecommons.org/licenses/by/2.0/fr/
790	866	1317290	hayastan	https://tatoeba.org/en/sentences/show/1317290	323761	CK	https://tatoeba.org/en/sentences/show/323761	CC-BY 2.0 (France) Attribution: tatoeba.org #323761 (CK) & #1317290 (hayastan)	https://creativecommons.org/licenses/by/2.0/fr/
791	867	2440281	hayastan	https://tatoeba.org/en/sentences/show/2440281	2111753	CK	https://tatoeba.org/en/sentences/show/2111753	CC-BY 2.0 (France) Attribution: tatoeba.org #2111753 (CK) & #2440281 (hayastan)	https://creativecommons.org/licenses/by/2.0/fr/
792	868	9432116	ignacio	https://tatoeba.org/en/sentences/show/9432116	2202626	CK	https://tatoeba.org/en/sentences/show/2202626	CC-BY 2.0 (France) Attribution: tatoeba.org #2202626 (CK) & #9432116 (ignacio)	https://creativecommons.org/licenses/by/2.0/fr/
793	869	1248423	Shishir	https://tatoeba.org/en/sentences/show/1248423	18547	CK	https://tatoeba.org/en/sentences/show/18547	CC-BY 2.0 (France) Attribution: tatoeba.org #18547 (CK) & #1248423 (Shishir)	https://creativecommons.org/licenses/by/2.0/fr/
794	870	1336403	marcelostockle	https://tatoeba.org/en/sentences/show/1336403	18547	CK	https://tatoeba.org/en/sentences/show/18547	CC-BY 2.0 (France) Attribution: tatoeba.org #18547 (CK) & #1336403 (marcelostockle)	https://creativecommons.org/licenses/by/2.0/fr/
795	871	3797083	Seael	https://tatoeba.org/en/sentences/show/3797083	18547	CK	https://tatoeba.org/en/sentences/show/18547	CC-BY 2.0 (France) Attribution: tatoeba.org #18547 (CK) & #3797083 (Seael)	https://creativecommons.org/licenses/by/2.0/fr/
796	872	3797085	Seael	https://tatoeba.org/en/sentences/show/3797085	18547	CK	https://tatoeba.org/en/sentences/show/18547	CC-BY 2.0 (France) Attribution: tatoeba.org #18547 (CK) & #3797085 (Seael)	https://creativecommons.org/licenses/by/2.0/fr/
797	874	7698926	arh	https://tatoeba.org/en/sentences/show/7698926	2202653	CK	https://tatoeba.org/en/sentences/show/2202653	CC-BY 2.0 (France) Attribution: tatoeba.org #2202653 (CK) & #7698926 (arh)	https://creativecommons.org/licenses/by/2.0/fr/
798	876	10222119	baudelaire	https://tatoeba.org/en/sentences/show/10222119	2066291	LanguageExpert	https://tatoeba.org/en/sentences/show/2066291	CC-BY 2.0 (France) Attribution: tatoeba.org #2066291 (LanguageExpert) & #10222119 (baudelaire)	https://creativecommons.org/licenses/by/2.0/fr/
799	877	1211599	marcelostockle	https://tatoeba.org/en/sentences/show/1211599	958784	CK	https://tatoeba.org/en/sentences/show/958784	CC-BY 2.0 (France) Attribution: tatoeba.org #958784 (CK) & #1211599 (marcelostockle)	https://creativecommons.org/licenses/by/2.0/fr/
800	878	5478365	baudelaire	https://tatoeba.org/en/sentences/show/5478365	958784	CK	https://tatoeba.org/en/sentences/show/958784	CC-BY 2.0 (France) Attribution: tatoeba.org #958784 (CK) & #5478365 (baudelaire)	https://creativecommons.org/licenses/by/2.0/fr/
801	879	5478367	baudelaire	https://tatoeba.org/en/sentences/show/5478367	958784	CK	https://tatoeba.org/en/sentences/show/958784	CC-BY 2.0 (France) Attribution: tatoeba.org #958784 (CK) & #5478367 (baudelaire)	https://creativecommons.org/licenses/by/2.0/fr/
802	880	5098116	don_ramon	https://tatoeba.org/en/sentences/show/5098116	2051764	Shishir	https://tatoeba.org/en/sentences/show/2051764	CC-BY 2.0 (France) Attribution: tatoeba.org #2051764 (Shishir) & #5098116 (don_ramon)	https://creativecommons.org/licenses/by/2.0/fr/
803	881	6763187	arh	https://tatoeba.org/en/sentences/show/6763187	2202863	CK	https://tatoeba.org/en/sentences/show/2202863	CC-BY 2.0 (France) Attribution: tatoeba.org #2202863 (CK) & #6763187 (arh)	https://creativecommons.org/licenses/by/2.0/fr/
804	882	6763188	arh	https://tatoeba.org/en/sentences/show/6763188	2202863	CK	https://tatoeba.org/en/sentences/show/2202863	CC-BY 2.0 (France) Attribution: tatoeba.org #2202863 (CK) & #6763188 (arh)	https://creativecommons.org/licenses/by/2.0/fr/
805	883	6763189	arh	https://tatoeba.org/en/sentences/show/6763189	2202863	CK	https://tatoeba.org/en/sentences/show/2202863	CC-BY 2.0 (France) Attribution: tatoeba.org #2202863 (CK) & #6763189 (arh)	https://creativecommons.org/licenses/by/2.0/fr/
806	884	6763190	arh	https://tatoeba.org/en/sentences/show/6763190	2202863	CK	https://tatoeba.org/en/sentences/show/2202863	CC-BY 2.0 (France) Attribution: tatoeba.org #2202863 (CK) & #6763190 (arh)	https://creativecommons.org/licenses/by/2.0/fr/
807	885	627075	Leono	https://tatoeba.org/en/sentences/show/627075	1872056	Eldad	https://tatoeba.org/en/sentences/show/1872056	CC-BY 2.0 (France) Attribution: tatoeba.org #1872056 (Eldad) & #627075 (Leono)	https://creativecommons.org/licenses/by/2.0/fr/
808	886	6682441	arh	https://tatoeba.org/en/sentences/show/6682441	1872056	Eldad	https://tatoeba.org/en/sentences/show/1872056	CC-BY 2.0 (France) Attribution: tatoeba.org #1872056 (Eldad) & #6682441 (arh)	https://creativecommons.org/licenses/by/2.0/fr/
809	887	1343158	laserchanto	https://tatoeba.org/en/sentences/show/1343158	678477	Eldad	https://tatoeba.org/en/sentences/show/678477	CC-BY 2.0 (France) Attribution: tatoeba.org #678477 (Eldad) & #1343158 (laserchanto)	https://creativecommons.org/licenses/by/2.0/fr/
810	888	1343159	laserchanto	https://tatoeba.org/en/sentences/show/1343159	678477	Eldad	https://tatoeba.org/en/sentences/show/678477	CC-BY 2.0 (France) Attribution: tatoeba.org #678477 (Eldad) & #1343159 (laserchanto)	https://creativecommons.org/licenses/by/2.0/fr/
811	889	7900983	arh	https://tatoeba.org/en/sentences/show/7900983	2111713	CK	https://tatoeba.org/en/sentences/show/2111713	CC-BY 2.0 (France) Attribution: tatoeba.org #2111713 (CK) & #7900983 (arh)	https://creativecommons.org/licenses/by/2.0/fr/
812	890	12885978	ecorralest101	https://tatoeba.org/en/sentences/show/12885978	2111712	CK	https://tatoeba.org/en/sentences/show/2111712	CC-BY 2.0 (France) Attribution: tatoeba.org #2111712 (CK) & #12885978 (ecorralest101)	https://creativecommons.org/licenses/by/2.0/fr/
813	891	9969855	Shishir	https://tatoeba.org/en/sentences/show/9969855	2111709	CK	https://tatoeba.org/en/sentences/show/2111709	CC-BY 2.0 (France) Attribution: tatoeba.org #2111709 (CK) & #9969855 (Shishir)	https://creativecommons.org/licenses/by/2.0/fr/
814	892	3562828	ficion	https://tatoeba.org/en/sentences/show/3562828	3330257	CK	https://tatoeba.org/en/sentences/show/3330257	CC-BY 2.0 (France) Attribution: tatoeba.org #3330257 (CK) & #3562828 (ficion)	https://creativecommons.org/licenses/by/2.0/fr/
815	893	7972091	Seael	https://tatoeba.org/en/sentences/show/7972091	2123619	CK	https://tatoeba.org/en/sentences/show/2123619	CC-BY 2.0 (France) Attribution: tatoeba.org #2123619 (CK) & #7972091 (Seael)	https://creativecommons.org/licenses/by/2.0/fr/
816	894	2160346	Shishir	https://tatoeba.org/en/sentences/show/2160346	1891110	CK	https://tatoeba.org/en/sentences/show/1891110	CC-BY 2.0 (France) Attribution: tatoeba.org #1891110 (CK) & #2160346 (Shishir)	https://creativecommons.org/licenses/by/2.0/fr/
817	895	7758314	arh	https://tatoeba.org/en/sentences/show/7758314	1891110	CK	https://tatoeba.org/en/sentences/show/1891110	CC-BY 2.0 (France) Attribution: tatoeba.org #1891110 (CK) & #7758314 (arh)	https://creativecommons.org/licenses/by/2.0/fr/
818	896	942156	Shishir	https://tatoeba.org/en/sentences/show/942156	38387	CK	https://tatoeba.org/en/sentences/show/38387	CC-BY 2.0 (France) Attribution: tatoeba.org #38387 (CK) & #942156 (Shishir)	https://creativecommons.org/licenses/by/2.0/fr/
819	897	5213982	cueyayotl	https://tatoeba.org/en/sentences/show/5213982	38387	CK	https://tatoeba.org/en/sentences/show/38387	CC-BY 2.0 (France) Attribution: tatoeba.org #38387 (CK) & #5213982 (cueyayotl)	https://creativecommons.org/licenses/by/2.0/fr/
820	898	4587006	cueyayotl	https://tatoeba.org/en/sentences/show/4587006	1705	brauliobezerra	https://tatoeba.org/en/sentences/show/1705	CC-BY 2.0 (France) Attribution: tatoeba.org #1705 (brauliobezerra) & #4587006 (cueyayotl)	https://creativecommons.org/licenses/by/2.0/fr/
821	899	4587007	cueyayotl	https://tatoeba.org/en/sentences/show/4587007	1705	brauliobezerra	https://tatoeba.org/en/sentences/show/1705	CC-BY 2.0 (France) Attribution: tatoeba.org #1705 (brauliobezerra) & #4587007 (cueyayotl)	https://creativecommons.org/licenses/by/2.0/fr/
822	900	6600054	arh	https://tatoeba.org/en/sentences/show/6600054	2111665	CK	https://tatoeba.org/en/sentences/show/2111665	CC-BY 2.0 (France) Attribution: tatoeba.org #2111665 (CK) & #6600054 (arh)	https://creativecommons.org/licenses/by/2.0/fr/
823	901	6600055	arh	https://tatoeba.org/en/sentences/show/6600055	2111665	CK	https://tatoeba.org/en/sentences/show/2111665	CC-BY 2.0 (France) Attribution: tatoeba.org #2111665 (CK) & #6600055 (arh)	https://creativecommons.org/licenses/by/2.0/fr/
824	902	6600056	arh	https://tatoeba.org/en/sentences/show/6600056	2111665	CK	https://tatoeba.org/en/sentences/show/2111665	CC-BY 2.0 (France) Attribution: tatoeba.org #2111665 (CK) & #6600056 (arh)	https://creativecommons.org/licenses/by/2.0/fr/
825	903	1130418	cueyayotl	https://tatoeba.org/en/sentences/show/1130418	1126967	CK	https://tatoeba.org/en/sentences/show/1126967	CC-BY 2.0 (France) Attribution: tatoeba.org #1126967 (CK) & #1130418 (cueyayotl)	https://creativecommons.org/licenses/by/2.0/fr/
826	904	4557762	swyter	https://tatoeba.org/en/sentences/show/4557762	2649249	CK	https://tatoeba.org/en/sentences/show/2649249	CC-BY 2.0 (France) Attribution: tatoeba.org #2649249 (CK) & #4557762 (swyter)	https://creativecommons.org/licenses/by/2.0/fr/
827	905	4557764	swyter	https://tatoeba.org/en/sentences/show/4557764	2649249	CK	https://tatoeba.org/en/sentences/show/2649249	CC-BY 2.0 (France) Attribution: tatoeba.org #2649249 (CK) & #4557764 (swyter)	https://creativecommons.org/licenses/by/2.0/fr/
828	906	2022127	Shishir	https://tatoeba.org/en/sentences/show/2022127	2244627	CK	https://tatoeba.org/en/sentences/show/2244627	CC-BY 2.0 (France) Attribution: tatoeba.org #2244627 (CK) & #2022127 (Shishir)	https://creativecommons.org/licenses/by/2.0/fr/
829	907	5752515	arh	https://tatoeba.org/en/sentences/show/5752515	2244627	CK	https://tatoeba.org/en/sentences/show/2244627	CC-BY 2.0 (France) Attribution: tatoeba.org #2244627 (CK) & #5752515 (arh)	https://creativecommons.org/licenses/by/2.0/fr/
830	908	4743107	cueyayotl	https://tatoeba.org/en/sentences/show/4743107	2244609	CK	https://tatoeba.org/en/sentences/show/2244609	CC-BY 2.0 (France) Attribution: tatoeba.org #2244609 (CK) & #4743107 (cueyayotl)	https://creativecommons.org/licenses/by/2.0/fr/
831	909	2711431	Shishir	https://tatoeba.org/en/sentences/show/2711431	6196259	CK	https://tatoeba.org/en/sentences/show/6196259	CC-BY 2.0 (France) Attribution: tatoeba.org #6196259 (CK) & #2711431 (Shishir)	https://creativecommons.org/licenses/by/2.0/fr/
832	910	9432874	ignacio	https://tatoeba.org/en/sentences/show/9432874	6196259	CK	https://tatoeba.org/en/sentences/show/6196259	CC-BY 2.0 (France) Attribution: tatoeba.org #6196259 (CK) & #9432874 (ignacio)	https://creativecommons.org/licenses/by/2.0/fr/
833	911	2840	Shishir	https://tatoeba.org/en/sentences/show/2840	1665	CK	https://tatoeba.org/en/sentences/show/1665	CC-BY 2.0 (France) Attribution: tatoeba.org #1665 (CK) & #2840 (Shishir)	https://creativecommons.org/licenses/by/2.0/fr/
834	912	1280109	marcelostockle	https://tatoeba.org/en/sentences/show/1280109	1665	CK	https://tatoeba.org/en/sentences/show/1665	CC-BY 2.0 (France) Attribution: tatoeba.org #1665 (CK) & #1280109 (marcelostockle)	https://creativecommons.org/licenses/by/2.0/fr/
835	913	1308724	Shishir	https://tatoeba.org/en/sentences/show/1308724	1308427	CK	https://tatoeba.org/en/sentences/show/1308427	CC-BY 2.0 (France) Attribution: tatoeba.org #1308427 (CK) & #1308724 (Shishir)	https://creativecommons.org/licenses/by/2.0/fr/
836	914	11773080	Masatami	https://tatoeba.org/en/sentences/show/11773080	456027	lukaszpp	https://tatoeba.org/en/sentences/show/456027	CC-BY 2.0 (France) Attribution: tatoeba.org #456027 (lukaszpp) & #11773080 (Masatami)	https://creativecommons.org/licenses/by/2.0/fr/
837	915	11773082	Masatami	https://tatoeba.org/en/sentences/show/11773082	456027	lukaszpp	https://tatoeba.org/en/sentences/show/456027	CC-BY 2.0 (France) Attribution: tatoeba.org #456027 (lukaszpp) & #11773082 (Masatami)	https://creativecommons.org/licenses/by/2.0/fr/
838	916	9703936	arh	https://tatoeba.org/en/sentences/show/9703936	6887119	CK	https://tatoeba.org/en/sentences/show/6887119	CC-BY 2.0 (France) Attribution: tatoeba.org #6887119 (CK) & #9703936 (arh)	https://creativecommons.org/licenses/by/2.0/fr/
839	917	1469372	marcelostockle	https://tatoeba.org/en/sentences/show/1469372	1259560	Scott	https://tatoeba.org/en/sentences/show/1259560	CC-BY 2.0 (France) Attribution: tatoeba.org #1259560 (Scott) & #1469372 (marcelostockle)	https://creativecommons.org/licenses/by/2.0/fr/
840	918	5048434	don_ramon	https://tatoeba.org/en/sentences/show/5048434	3825991	CK	https://tatoeba.org/en/sentences/show/3825991	CC-BY 2.0 (France) Attribution: tatoeba.org #3825991 (CK) & #5048434 (don_ramon)	https://creativecommons.org/licenses/by/2.0/fr/
841	919	4557694	swyter	https://tatoeba.org/en/sentences/show/4557694	2283735	CK	https://tatoeba.org/en/sentences/show/2283735	CC-BY 2.0 (France) Attribution: tatoeba.org #2283735 (CK) & #4557694 (swyter)	https://creativecommons.org/licenses/by/2.0/fr/
842	920	4557695	swyter	https://tatoeba.org/en/sentences/show/4557695	2283735	CK	https://tatoeba.org/en/sentences/show/2283735	CC-BY 2.0 (France) Attribution: tatoeba.org #2283735 (CK) & #4557695 (swyter)	https://creativecommons.org/licenses/by/2.0/fr/
843	921	4557696	swyter	https://tatoeba.org/en/sentences/show/4557696	2283735	CK	https://tatoeba.org/en/sentences/show/2283735	CC-BY 2.0 (France) Attribution: tatoeba.org #2283735 (CK) & #4557696 (swyter)	https://creativecommons.org/licenses/by/2.0/fr/
844	922	10632253	Seael	https://tatoeba.org/en/sentences/show/10632253	7925156	MarijnKp	https://tatoeba.org/en/sentences/show/7925156	CC-BY 2.0 (France) Attribution: tatoeba.org #7925156 (MarijnKp) & #10632253 (Seael)	https://creativecommons.org/licenses/by/2.0/fr/
845	923	8189025	arh	https://tatoeba.org/en/sentences/show/8189025	8271943	lunchmeat317	https://tatoeba.org/en/sentences/show/8271943	CC-BY 2.0 (France) Attribution: tatoeba.org #8271943 (lunchmeat317) & #8189025 (arh)	https://creativecommons.org/licenses/by/2.0/fr/
846	924	1688053	marcelostockle	https://tatoeba.org/en/sentences/show/1688053	1435651	mattpbooth	https://tatoeba.org/en/sentences/show/1435651	CC-BY 2.0 (France) Attribution: tatoeba.org #1435651 (mattpbooth) & #1688053 (marcelostockle)	https://creativecommons.org/licenses/by/2.0/fr/
847	925	1246474	Shishir	https://tatoeba.org/en/sentences/show/1246474	1181168	Eldad	https://tatoeba.org/en/sentences/show/1181168	CC-BY 2.0 (France) Attribution: tatoeba.org #1181168 (Eldad) & #1246474 (Shishir)	https://creativecommons.org/licenses/by/2.0/fr/
848	926	1369831	Shishir	https://tatoeba.org/en/sentences/show/1369831	1369138	sacredceltic	https://tatoeba.org/en/sentences/show/1369138	CC-BY 2.0 (France) Attribution: tatoeba.org #1369138 (sacredceltic) & #1369831 (Shishir)	https://creativecommons.org/licenses/by/2.0/fr/
849	927	4557698	swyter	https://tatoeba.org/en/sentences/show/4557698	2283736	CK	https://tatoeba.org/en/sentences/show/2283736	CC-BY 2.0 (France) Attribution: tatoeba.org #2283736 (CK) & #4557698 (swyter)	https://creativecommons.org/licenses/by/2.0/fr/
850	928	4636666	AucaCoyan	https://tatoeba.org/en/sentences/show/4636666	4636492	CK	https://tatoeba.org/en/sentences/show/4636492	CC-BY 2.0 (France) Attribution: tatoeba.org #4636492 (CK) & #4636666 (AucaCoyan)	https://creativecommons.org/licenses/by/2.0/fr/
851	929	3792220	Seael	https://tatoeba.org/en/sentences/show/3792220	42698	CK	https://tatoeba.org/en/sentences/show/42698	CC-BY 2.0 (France) Attribution: tatoeba.org #42698 (CK) & #3792220 (Seael)	https://creativecommons.org/licenses/by/2.0/fr/
852	930	2926	Shishir	https://tatoeba.org/en/sentences/show/2926	1813	CK	https://tatoeba.org/en/sentences/show/1813	CC-BY 2.0 (France) Attribution: tatoeba.org #1813 (CK) & #2926 (Shishir)	https://creativecommons.org/licenses/by/2.0/fr/
853	931	2109105	marcelostockle	https://tatoeba.org/en/sentences/show/2109105	1813	CK	https://tatoeba.org/en/sentences/show/1813	CC-BY 2.0 (France) Attribution: tatoeba.org #1813 (CK) & #2109105 (marcelostockle)	https://creativecommons.org/licenses/by/2.0/fr/
854	933	2924405	hayastan	https://tatoeba.org/en/sentences/show/2924405	2123609	CK	https://tatoeba.org/en/sentences/show/2123609	CC-BY 2.0 (France) Attribution: tatoeba.org #2123609 (CK) & #2924405 (hayastan)	https://creativecommons.org/licenses/by/2.0/fr/
855	934	5057117	don_ramon	https://tatoeba.org/en/sentences/show/5057117	2123608	CK	https://tatoeba.org/en/sentences/show/2123608	CC-BY 2.0 (France) Attribution: tatoeba.org #2123608 (CK) & #5057117 (don_ramon)	https://creativecommons.org/licenses/by/2.0/fr/
856	935	1488974	marcelostockle	https://tatoeba.org/en/sentences/show/1488974	1488133	arnxy20	https://tatoeba.org/en/sentences/show/1488133	CC-BY 2.0 (France) Attribution: tatoeba.org #1488133 (arnxy20) & #1488974 (marcelostockle)	https://creativecommons.org/licenses/by/2.0/fr/
857	936	9847534	ecorralest101	https://tatoeba.org/en/sentences/show/9847534	1488133	arnxy20	https://tatoeba.org/en/sentences/show/1488133	CC-BY 2.0 (France) Attribution: tatoeba.org #1488133 (arnxy20) & #9847534 (ecorralest101)	https://creativecommons.org/licenses/by/2.0/fr/
858	937	9943342	arh	https://tatoeba.org/en/sentences/show/9943342	2123604	CK	https://tatoeba.org/en/sentences/show/2123604	CC-BY 2.0 (France) Attribution: tatoeba.org #2123604 (CK) & #9943342 (arh)	https://creativecommons.org/licenses/by/2.0/fr/
859	938	1771956	hayastan	https://tatoeba.org/en/sentences/show/1771956	2123603	CK	https://tatoeba.org/en/sentences/show/2123603	CC-BY 2.0 (France) Attribution: tatoeba.org #2123603 (CK) & #1771956 (hayastan)	https://creativecommons.org/licenses/by/2.0/fr/
860	939	339170	tatoerique	https://tatoeba.org/en/sentences/show/339170	435782	CK	https://tatoeba.org/en/sentences/show/435782	CC-BY 2.0 (France) Attribution: tatoeba.org #435782 (CK) & #339170 (tatoerique)	https://creativecommons.org/licenses/by/2.0/fr/
861	941	6682507	arh	https://tatoeba.org/en/sentences/show/6682507	2123600	CK	https://tatoeba.org/en/sentences/show/2123600	CC-BY 2.0 (France) Attribution: tatoeba.org #2123600 (CK) & #6682507 (arh)	https://creativecommons.org/licenses/by/2.0/fr/
862	942	10342913	ecorralest101	https://tatoeba.org/en/sentences/show/10342913	1568774	Sharaf78	https://tatoeba.org/en/sentences/show/1568774	CC-BY 2.0 (France) Attribution: tatoeba.org #1568774 (Sharaf78) & #10342913 (ecorralest101)	https://creativecommons.org/licenses/by/2.0/fr/
863	943	2532719	Shishir	https://tatoeba.org/en/sentences/show/2532719	2123598	CK	https://tatoeba.org/en/sentences/show/2123598	CC-BY 2.0 (France) Attribution: tatoeba.org #2123598 (CK) & #2532719 (Shishir)	https://creativecommons.org/licenses/by/2.0/fr/
864	944	2187374	hayastan	https://tatoeba.org/en/sentences/show/2187374	2187228	CK	https://tatoeba.org/en/sentences/show/2187228	CC-BY 2.0 (France) Attribution: tatoeba.org #2187228 (CK) & #2187374 (hayastan)	https://creativecommons.org/licenses/by/2.0/fr/
865	945	431994	Leono	https://tatoeba.org/en/sentences/show/431994	31195	CK	https://tatoeba.org/en/sentences/show/31195	CC-BY 2.0 (France) Attribution: tatoeba.org #31195 (CK) & #431994 (Leono)	https://creativecommons.org/licenses/by/2.0/fr/
866	946	1502202	marcelostockle	https://tatoeba.org/en/sentences/show/1502202	2123592	CK	https://tatoeba.org/en/sentences/show/2123592	CC-BY 2.0 (France) Attribution: tatoeba.org #2123592 (CK) & #1502202 (marcelostockle)	https://creativecommons.org/licenses/by/2.0/fr/
867	947	2127371	Shishir	https://tatoeba.org/en/sentences/show/2127371	2123592	CK	https://tatoeba.org/en/sentences/show/2123592	CC-BY 2.0 (France) Attribution: tatoeba.org #2123592 (CK) & #2127371 (Shishir)	https://creativecommons.org/licenses/by/2.0/fr/
868	948	480225	quarzoliquido	https://tatoeba.org/en/sentences/show/480225	271554	CK	https://tatoeba.org/en/sentences/show/271554	CC-BY 2.0 (France) Attribution: tatoeba.org #271554 (CK) & #480225 (quarzoliquido)	https://creativecommons.org/licenses/by/2.0/fr/
869	949	1215730	wallebot	https://tatoeba.org/en/sentences/show/1215730	271554	CK	https://tatoeba.org/en/sentences/show/271554	CC-BY 2.0 (France) Attribution: tatoeba.org #271554 (CK) & #1215730 (wallebot)	https://creativecommons.org/licenses/by/2.0/fr/
870	950	752908	chinopinyin	https://tatoeba.org/en/sentences/show/752908	2123589	CK	https://tatoeba.org/en/sentences/show/2123589	CC-BY 2.0 (France) Attribution: tatoeba.org #2123589 (CK) & #752908 (chinopinyin)	https://creativecommons.org/licenses/by/2.0/fr/
871	952	6682505	arh	https://tatoeba.org/en/sentences/show/6682505	2123588	CK	https://tatoeba.org/en/sentences/show/2123588	CC-BY 2.0 (France) Attribution: tatoeba.org #2123588 (CK) & #6682505 (arh)	https://creativecommons.org/licenses/by/2.0/fr/
872	953	6682506	arh	https://tatoeba.org/en/sentences/show/6682506	2123588	CK	https://tatoeba.org/en/sentences/show/2123588	CC-BY 2.0 (France) Attribution: tatoeba.org #2123588 (CK) & #6682506 (arh)	https://creativecommons.org/licenses/by/2.0/fr/
873	954	1469511	marcelostockle	https://tatoeba.org/en/sentences/show/1469511	1107969	Scott	https://tatoeba.org/en/sentences/show/1107969	CC-BY 2.0 (France) Attribution: tatoeba.org #1107969 (Scott) & #1469511 (marcelostockle)	https://creativecommons.org/licenses/by/2.0/fr/
874	955	1469514	marcelostockle	https://tatoeba.org/en/sentences/show/1469514	1107969	Scott	https://tatoeba.org/en/sentences/show/1107969	CC-BY 2.0 (France) Attribution: tatoeba.org #1107969 (Scott) & #1469514 (marcelostockle)	https://creativecommons.org/licenses/by/2.0/fr/
875	956	7758318	arh	https://tatoeba.org/en/sentences/show/7758318	1107969	Scott	https://tatoeba.org/en/sentences/show/1107969	CC-BY 2.0 (France) Attribution: tatoeba.org #1107969 (Scott) & #7758318 (arh)	https://creativecommons.org/licenses/by/2.0/fr/
876	957	1589919	marcelostockle	https://tatoeba.org/en/sentences/show/1589919	2123574	CK	https://tatoeba.org/en/sentences/show/2123574	CC-BY 2.0 (France) Attribution: tatoeba.org #2123574 (CK) & #1589919 (marcelostockle)	https://creativecommons.org/licenses/by/2.0/fr/
877	958	6763160	arh	https://tatoeba.org/en/sentences/show/6763160	2123574	CK	https://tatoeba.org/en/sentences/show/2123574	CC-BY 2.0 (France) Attribution: tatoeba.org #2123574 (CK) & #6763160 (arh)	https://creativecommons.org/licenses/by/2.0/fr/
878	959	6763161	arh	https://tatoeba.org/en/sentences/show/6763161	2123574	CK	https://tatoeba.org/en/sentences/show/2123574	CC-BY 2.0 (France) Attribution: tatoeba.org #2123574 (CK) & #6763161 (arh)	https://creativecommons.org/licenses/by/2.0/fr/
879	960	6763162	arh	https://tatoeba.org/en/sentences/show/6763162	2123574	CK	https://tatoeba.org/en/sentences/show/2123574	CC-BY 2.0 (France) Attribution: tatoeba.org #2123574 (CK) & #6763162 (arh)	https://creativecommons.org/licenses/by/2.0/fr/
880	961	1010182	Shishir	https://tatoeba.org/en/sentences/show/1010182	628215	Eldad	https://tatoeba.org/en/sentences/show/628215	CC-BY 2.0 (France) Attribution: tatoeba.org #628215 (Eldad) & #1010182 (Shishir)	https://creativecommons.org/licenses/by/2.0/fr/
881	962	3295313	Shishir	https://tatoeba.org/en/sentences/show/3295313	54868	CK	https://tatoeba.org/en/sentences/show/54868	CC-BY 2.0 (France) Attribution: tatoeba.org #54868 (CK) & #3295313 (Shishir)	https://creativecommons.org/licenses/by/2.0/fr/
882	963	12890215	ecorralest101	https://tatoeba.org/en/sentences/show/12890215	54868	CK	https://tatoeba.org/en/sentences/show/54868	CC-BY 2.0 (France) Attribution: tatoeba.org #54868 (CK) & #12890215 (ecorralest101)	https://creativecommons.org/licenses/by/2.0/fr/
883	964	1306030	marcelostockle	https://tatoeba.org/en/sentences/show/1306030	433520	CK	https://tatoeba.org/en/sentences/show/433520	CC-BY 2.0 (France) Attribution: tatoeba.org #433520 (CK) & #1306030 (marcelostockle)	https://creativecommons.org/licenses/by/2.0/fr/
884	965	12280208	JoseSugaray	https://tatoeba.org/en/sentences/show/12280208	433520	CK	https://tatoeba.org/en/sentences/show/433520	CC-BY 2.0 (France) Attribution: tatoeba.org #433520 (CK) & #12280208 (JoseSugaray)	https://creativecommons.org/licenses/by/2.0/fr/
885	966	1443094	nancy	https://tatoeba.org/en/sentences/show/1443094	1860658	CK	https://tatoeba.org/en/sentences/show/1860658	CC-BY 2.0 (France) Attribution: tatoeba.org #1860658 (CK) & #1443094 (nancy)	https://creativecommons.org/licenses/by/2.0/fr/
886	967	6681954	arh	https://tatoeba.org/en/sentences/show/6681954	2111633	CK	https://tatoeba.org/en/sentences/show/2111633	CC-BY 2.0 (France) Attribution: tatoeba.org #2111633 (CK) & #6681954 (arh)	https://creativecommons.org/licenses/by/2.0/fr/
887	968	6681955	arh	https://tatoeba.org/en/sentences/show/6681955	2111633	CK	https://tatoeba.org/en/sentences/show/2111633	CC-BY 2.0 (France) Attribution: tatoeba.org #2111633 (CK) & #6681955 (arh)	https://creativecommons.org/licenses/by/2.0/fr/
888	969	6681956	arh	https://tatoeba.org/en/sentences/show/6681956	2111633	CK	https://tatoeba.org/en/sentences/show/2111633	CC-BY 2.0 (France) Attribution: tatoeba.org #2111633 (CK) & #6681956 (arh)	https://creativecommons.org/licenses/by/2.0/fr/
889	970	4506051	cueyayotl	https://tatoeba.org/en/sentences/show/4506051	2111632	CK	https://tatoeba.org/en/sentences/show/2111632	CC-BY 2.0 (France) Attribution: tatoeba.org #2111632 (CK) & #4506051 (cueyayotl)	https://creativecommons.org/licenses/by/2.0/fr/
890	971	4506052	cueyayotl	https://tatoeba.org/en/sentences/show/4506052	2111632	CK	https://tatoeba.org/en/sentences/show/2111632	CC-BY 2.0 (France) Attribution: tatoeba.org #2111632 (CK) & #4506052 (cueyayotl)	https://creativecommons.org/licenses/by/2.0/fr/
891	972	4506053	cueyayotl	https://tatoeba.org/en/sentences/show/4506053	2111632	CK	https://tatoeba.org/en/sentences/show/2111632	CC-BY 2.0 (France) Attribution: tatoeba.org #2111632 (CK) & #4506053 (cueyayotl)	https://creativecommons.org/licenses/by/2.0/fr/
892	973	4506054	cueyayotl	https://tatoeba.org/en/sentences/show/4506054	2111632	CK	https://tatoeba.org/en/sentences/show/2111632	CC-BY 2.0 (France) Attribution: tatoeba.org #2111632 (CK) & #4506054 (cueyayotl)	https://creativecommons.org/licenses/by/2.0/fr/
893	974	4506056	cueyayotl	https://tatoeba.org/en/sentences/show/4506056	2111632	CK	https://tatoeba.org/en/sentences/show/2111632	CC-BY 2.0 (France) Attribution: tatoeba.org #2111632 (CK) & #4506056 (cueyayotl)	https://creativecommons.org/licenses/by/2.0/fr/
894	975	5048183	don_ramon	https://tatoeba.org/en/sentences/show/5048183	2111630	CK	https://tatoeba.org/en/sentences/show/2111630	CC-BY 2.0 (France) Attribution: tatoeba.org #2111630 (CK) & #5048183 (don_ramon)	https://creativecommons.org/licenses/by/2.0/fr/
895	976	5048185	don_ramon	https://tatoeba.org/en/sentences/show/5048185	2111630	CK	https://tatoeba.org/en/sentences/show/2111630	CC-BY 2.0 (France) Attribution: tatoeba.org #2111630 (CK) & #5048185 (don_ramon)	https://creativecommons.org/licenses/by/2.0/fr/
896	977	5048188	don_ramon	https://tatoeba.org/en/sentences/show/5048188	2111630	CK	https://tatoeba.org/en/sentences/show/2111630	CC-BY 2.0 (France) Attribution: tatoeba.org #2111630 (CK) & #5048188 (don_ramon)	https://creativecommons.org/licenses/by/2.0/fr/
897	978	5048189	don_ramon	https://tatoeba.org/en/sentences/show/5048189	2111630	CK	https://tatoeba.org/en/sentences/show/2111630	CC-BY 2.0 (France) Attribution: tatoeba.org #2111630 (CK) & #5048189 (don_ramon)	https://creativecommons.org/licenses/by/2.0/fr/
898	979	5048191	don_ramon	https://tatoeba.org/en/sentences/show/5048191	2111630	CK	https://tatoeba.org/en/sentences/show/2111630	CC-BY 2.0 (France) Attribution: tatoeba.org #2111630 (CK) & #5048191 (don_ramon)	https://creativecommons.org/licenses/by/2.0/fr/
899	980	5048192	don_ramon	https://tatoeba.org/en/sentences/show/5048192	2111630	CK	https://tatoeba.org/en/sentences/show/2111630	CC-BY 2.0 (France) Attribution: tatoeba.org #2111630 (CK) & #5048192 (don_ramon)	https://creativecommons.org/licenses/by/2.0/fr/
900	981	5048193	don_ramon	https://tatoeba.org/en/sentences/show/5048193	2111630	CK	https://tatoeba.org/en/sentences/show/2111630	CC-BY 2.0 (France) Attribution: tatoeba.org #2111630 (CK) & #5048193 (don_ramon)	https://creativecommons.org/licenses/by/2.0/fr/
901	982	5048194	don_ramon	https://tatoeba.org/en/sentences/show/5048194	2111630	CK	https://tatoeba.org/en/sentences/show/2111630	CC-BY 2.0 (France) Attribution: tatoeba.org #2111630 (CK) & #5048194 (don_ramon)	https://creativecommons.org/licenses/by/2.0/fr/
902	983	5048171	don_ramon	https://tatoeba.org/en/sentences/show/5048171	2111626	CK	https://tatoeba.org/en/sentences/show/2111626	CC-BY 2.0 (France) Attribution: tatoeba.org #2111626 (CK) & #5048171 (don_ramon)	https://creativecommons.org/licenses/by/2.0/fr/
903	984	5048174	don_ramon	https://tatoeba.org/en/sentences/show/5048174	2111626	CK	https://tatoeba.org/en/sentences/show/2111626	CC-BY 2.0 (France) Attribution: tatoeba.org #2111626 (CK) & #5048174 (don_ramon)	https://creativecommons.org/licenses/by/2.0/fr/
904	985	5048176	don_ramon	https://tatoeba.org/en/sentences/show/5048176	2111626	CK	https://tatoeba.org/en/sentences/show/2111626	CC-BY 2.0 (France) Attribution: tatoeba.org #2111626 (CK) & #5048176 (don_ramon)	https://creativecommons.org/licenses/by/2.0/fr/
905	987	2056499	lazarus1907	https://tatoeba.org/en/sentences/show/2056499	2447345	MarlonX19	https://tatoeba.org/en/sentences/show/2447345	CC-BY 2.0 (France) Attribution: tatoeba.org #2447345 (MarlonX19) & #2056499 (lazarus1907)	https://creativecommons.org/licenses/by/2.0/fr/
906	988	1291636	Shishir	https://tatoeba.org/en/sentences/show/1291636	52067	CM	https://tatoeba.org/en/sentences/show/52067	CC-BY 2.0 (France) Attribution: tatoeba.org #52067 (CM) & #1291636 (Shishir)	https://creativecommons.org/licenses/by/2.0/fr/
907	989	1291638	Shishir	https://tatoeba.org/en/sentences/show/1291638	52067	CM	https://tatoeba.org/en/sentences/show/52067	CC-BY 2.0 (France) Attribution: tatoeba.org #52067 (CM) & #1291638 (Shishir)	https://creativecommons.org/licenses/by/2.0/fr/
908	990	1291639	Shishir	https://tatoeba.org/en/sentences/show/1291639	52067	CM	https://tatoeba.org/en/sentences/show/52067	CC-BY 2.0 (France) Attribution: tatoeba.org #52067 (CM) & #1291639 (Shishir)	https://creativecommons.org/licenses/by/2.0/fr/
909	991	1291646	Shishir	https://tatoeba.org/en/sentences/show/1291646	250112	CK	https://tatoeba.org/en/sentences/show/250112	CC-BY 2.0 (France) Attribution: tatoeba.org #250112 (CK) & #1291646 (Shishir)	https://creativecommons.org/licenses/by/2.0/fr/
910	992	1604710	marcelostockle	https://tatoeba.org/en/sentences/show/1604710	250112	CK	https://tatoeba.org/en/sentences/show/250112	CC-BY 2.0 (France) Attribution: tatoeba.org #250112 (CK) & #1604710 (marcelostockle)	https://creativecommons.org/licenses/by/2.0/fr/
911	993	1673601	marcelostockle	https://tatoeba.org/en/sentences/show/1673601	250112	CK	https://tatoeba.org/en/sentences/show/250112	CC-BY 2.0 (France) Attribution: tatoeba.org #250112 (CK) & #1673601 (marcelostockle)	https://creativecommons.org/licenses/by/2.0/fr/
912	995	784962	chinopinyin	https://tatoeba.org/en/sentences/show/784962	277466	CK	https://tatoeba.org/en/sentences/show/277466	CC-BY 2.0 (France) Attribution: tatoeba.org #277466 (CK) & #784962 (chinopinyin)	https://creativecommons.org/licenses/by/2.0/fr/
913	996	1240431	Shishir	https://tatoeba.org/en/sentences/show/1240431	277466	CK	https://tatoeba.org/en/sentences/show/277466	CC-BY 2.0 (France) Attribution: tatoeba.org #277466 (CK) & #1240431 (Shishir)	https://creativecommons.org/licenses/by/2.0/fr/
914	997	4797723	alegarvid	https://tatoeba.org/en/sentences/show/4797723	3334008	CK	https://tatoeba.org/en/sentences/show/3334008	CC-BY 2.0 (France) Attribution: tatoeba.org #3334008 (CK) & #4797723 (alegarvid)	https://creativecommons.org/licenses/by/2.0/fr/
915	998	750451	Shishir	https://tatoeba.org/en/sentences/show/750451	1830543	CK	https://tatoeba.org/en/sentences/show/1830543	CC-BY 2.0 (France) Attribution: tatoeba.org #1830543 (CK) & #750451 (Shishir)	https://creativecommons.org/licenses/by/2.0/fr/
916	999	1654683	marcelostockle	https://tatoeba.org/en/sentences/show/1654683	2111618	CK	https://tatoeba.org/en/sentences/show/2111618	CC-BY 2.0 (France) Attribution: tatoeba.org #2111618 (CK) & #1654683 (marcelostockle)	https://creativecommons.org/licenses/by/2.0/fr/
917	1000	2440292	hayastan	https://tatoeba.org/en/sentences/show/2440292	2111618	CK	https://tatoeba.org/en/sentences/show/2111618	CC-BY 2.0 (France) Attribution: tatoeba.org #2111618 (CK) & #2440292 (hayastan)	https://creativecommons.org/licenses/by/2.0/fr/
918	1001	1176875	Shishir	https://tatoeba.org/en/sentences/show/1176875	1176908	bart	https://tatoeba.org/en/sentences/show/1176908	CC-BY 2.0 (France) Attribution: tatoeba.org #1176908 (bart) & #1176875 (Shishir)	https://creativecommons.org/licenses/by/2.0/fr/
919	1002	4557178	swyter	https://tatoeba.org/en/sentences/show/4557178	1839430	CK	https://tatoeba.org/en/sentences/show/1839430	CC-BY 2.0 (France) Attribution: tatoeba.org #1839430 (CK) & #4557178 (swyter)	https://creativecommons.org/licenses/by/2.0/fr/
920	1003	4557179	swyter	https://tatoeba.org/en/sentences/show/4557179	1839430	CK	https://tatoeba.org/en/sentences/show/1839430	CC-BY 2.0 (France) Attribution: tatoeba.org #1839430 (CK) & #4557179 (swyter)	https://creativecommons.org/licenses/by/2.0/fr/
921	1004	5140959	don_ramon	https://tatoeba.org/en/sentences/show/5140959	3171862	CK	https://tatoeba.org/en/sentences/show/3171862	CC-BY 2.0 (France) Attribution: tatoeba.org #3171862 (CK) & #5140959 (don_ramon)	https://creativecommons.org/licenses/by/2.0/fr/
922	1005	5048122	don_ramon	https://tatoeba.org/en/sentences/show/5048122	2111610	CK	https://tatoeba.org/en/sentences/show/2111610	CC-BY 2.0 (France) Attribution: tatoeba.org #2111610 (CK) & #5048122 (don_ramon)	https://creativecommons.org/licenses/by/2.0/fr/
923	1006	5048123	don_ramon	https://tatoeba.org/en/sentences/show/5048123	2111610	CK	https://tatoeba.org/en/sentences/show/2111610	CC-BY 2.0 (France) Attribution: tatoeba.org #2111610 (CK) & #5048123 (don_ramon)	https://creativecommons.org/licenses/by/2.0/fr/
924	1007	5048124	don_ramon	https://tatoeba.org/en/sentences/show/5048124	2111610	CK	https://tatoeba.org/en/sentences/show/2111610	CC-BY 2.0 (France) Attribution: tatoeba.org #2111610 (CK) & #5048124 (don_ramon)	https://creativecommons.org/licenses/by/2.0/fr/
925	1008	5048125	don_ramon	https://tatoeba.org/en/sentences/show/5048125	2111610	CK	https://tatoeba.org/en/sentences/show/2111610	CC-BY 2.0 (France) Attribution: tatoeba.org #2111610 (CK) & #5048125 (don_ramon)	https://creativecommons.org/licenses/by/2.0/fr/
926	1009	329730	tatoerique	https://tatoeba.org/en/sentences/show/329730	240166	CK	https://tatoeba.org/en/sentences/show/240166	CC-BY 2.0 (France) Attribution: tatoeba.org #240166 (CK) & #329730 (tatoerique)	https://creativecommons.org/licenses/by/2.0/fr/
927	1010	6686418	arh	https://tatoeba.org/en/sentences/show/6686418	2111609	CK	https://tatoeba.org/en/sentences/show/2111609	CC-BY 2.0 (France) Attribution: tatoeba.org #2111609 (CK) & #6686418 (arh)	https://creativecommons.org/licenses/by/2.0/fr/
928	1011	6686419	arh	https://tatoeba.org/en/sentences/show/6686419	2111609	CK	https://tatoeba.org/en/sentences/show/2111609	CC-BY 2.0 (France) Attribution: tatoeba.org #2111609 (CK) & #6686419 (arh)	https://creativecommons.org/licenses/by/2.0/fr/
929	1012	6686420	arh	https://tatoeba.org/en/sentences/show/6686420	2111609	CK	https://tatoeba.org/en/sentences/show/2111609	CC-BY 2.0 (France) Attribution: tatoeba.org #2111609 (CK) & #6686420 (arh)	https://creativecommons.org/licenses/by/2.0/fr/
930	1013	6675161	arh	https://tatoeba.org/en/sentences/show/6675161	2111606	CK	https://tatoeba.org/en/sentences/show/2111606	CC-BY 2.0 (France) Attribution: tatoeba.org #2111606 (CK) & #6675161 (arh)	https://creativecommons.org/licenses/by/2.0/fr/
931	1014	6675207	arh	https://tatoeba.org/en/sentences/show/6675207	2111606	CK	https://tatoeba.org/en/sentences/show/2111606	CC-BY 2.0 (France) Attribution: tatoeba.org #2111606 (CK) & #6675207 (arh)	https://creativecommons.org/licenses/by/2.0/fr/
932	1015	6675209	arh	https://tatoeba.org/en/sentences/show/6675209	2111606	CK	https://tatoeba.org/en/sentences/show/2111606	CC-BY 2.0 (France) Attribution: tatoeba.org #2111606 (CK) & #6675209 (arh)	https://creativecommons.org/licenses/by/2.0/fr/
933	1016	5259207	Omnivoro	https://tatoeba.org/en/sentences/show/5259207	2111605	CK	https://tatoeba.org/en/sentences/show/2111605	CC-BY 2.0 (France) Attribution: tatoeba.org #2111605 (CK) & #5259207 (Omnivoro)	https://creativecommons.org/licenses/by/2.0/fr/
934	1018	5259239	Omnivoro	https://tatoeba.org/en/sentences/show/5259239	2111605	CK	https://tatoeba.org/en/sentences/show/2111605	CC-BY 2.0 (France) Attribution: tatoeba.org #2111605 (CK) & #5259239 (Omnivoro)	https://creativecommons.org/licenses/by/2.0/fr/
935	1019	5259241	Omnivoro	https://tatoeba.org/en/sentences/show/5259241	2111605	CK	https://tatoeba.org/en/sentences/show/2111605	CC-BY 2.0 (France) Attribution: tatoeba.org #2111605 (CK) & #5259241 (Omnivoro)	https://creativecommons.org/licenses/by/2.0/fr/
936	1020	1372251	marcelostockle	https://tatoeba.org/en/sentences/show/1372251	1553407	CK	https://tatoeba.org/en/sentences/show/1553407	CC-BY 2.0 (France) Attribution: tatoeba.org #1553407 (CK) & #1372251 (marcelostockle)	https://creativecommons.org/licenses/by/2.0/fr/
937	1021	4557159	swyter	https://tatoeba.org/en/sentences/show/4557159	1553407	CK	https://tatoeba.org/en/sentences/show/1553407	CC-BY 2.0 (France) Attribution: tatoeba.org #1553407 (CK) & #4557159 (swyter)	https://creativecommons.org/licenses/by/2.0/fr/
938	1022	4557161	swyter	https://tatoeba.org/en/sentences/show/4557161	1553407	CK	https://tatoeba.org/en/sentences/show/1553407	CC-BY 2.0 (France) Attribution: tatoeba.org #1553407 (CK) & #4557161 (swyter)	https://creativecommons.org/licenses/by/2.0/fr/
939	1023	4557162	swyter	https://tatoeba.org/en/sentences/show/4557162	1553407	CK	https://tatoeba.org/en/sentences/show/1553407	CC-BY 2.0 (France) Attribution: tatoeba.org #1553407 (CK) & #4557162 (swyter)	https://creativecommons.org/licenses/by/2.0/fr/
940	1024	4557186	swyter	https://tatoeba.org/en/sentences/show/4557186	1857550	Spamster	https://tatoeba.org/en/sentences/show/1857550	CC-BY 2.0 (France) Attribution: tatoeba.org #1857550 (Spamster) & #4557186 (swyter)	https://creativecommons.org/licenses/by/2.0/fr/
941	1025	777905	Shishir	https://tatoeba.org/en/sentences/show/777905	433730	CK	https://tatoeba.org/en/sentences/show/433730	CC-BY 2.0 (France) Attribution: tatoeba.org #433730 (CK) & #777905 (Shishir)	https://creativecommons.org/licenses/by/2.0/fr/
942	1027	4557147	swyter	https://tatoeba.org/en/sentences/show/4557147	1108002	Scott	https://tatoeba.org/en/sentences/show/1108002	CC-BY 2.0 (France) Attribution: tatoeba.org #1108002 (Scott) & #4557147 (swyter)	https://creativecommons.org/licenses/by/2.0/fr/
943	1028	1291648	Shishir	https://tatoeba.org/en/sentences/show/1291648	31477	CK	https://tatoeba.org/en/sentences/show/31477	CC-BY 2.0 (France) Attribution: tatoeba.org #31477 (CK) & #1291648 (Shishir)	https://creativecommons.org/licenses/by/2.0/fr/
944	1029	13649783	Seael	https://tatoeba.org/en/sentences/show/13649783	31477	CK	https://tatoeba.org/en/sentences/show/31477	CC-BY 2.0 (France) Attribution: tatoeba.org #31477 (CK) & #13649783 (Seael)	https://creativecommons.org/licenses/by/2.0/fr/
945	1030	6686426	arh	https://tatoeba.org/en/sentences/show/6686426	3171854	CK	https://tatoeba.org/en/sentences/show/3171854	CC-BY 2.0 (France) Attribution: tatoeba.org #3171854 (CK) & #6686426 (arh)	https://creativecommons.org/licenses/by/2.0/fr/
946	1031	6686427	arh	https://tatoeba.org/en/sentences/show/6686427	3171854	CK	https://tatoeba.org/en/sentences/show/3171854	CC-BY 2.0 (France) Attribution: tatoeba.org #3171854 (CK) & #6686427 (arh)	https://creativecommons.org/licenses/by/2.0/fr/
947	1032	6686428	arh	https://tatoeba.org/en/sentences/show/6686428	3171854	CK	https://tatoeba.org/en/sentences/show/3171854	CC-BY 2.0 (France) Attribution: tatoeba.org #3171854 (CK) & #6686428 (arh)	https://creativecommons.org/licenses/by/2.0/fr/
948	1033	6686429	arh	https://tatoeba.org/en/sentences/show/6686429	3171854	CK	https://tatoeba.org/en/sentences/show/3171854	CC-BY 2.0 (France) Attribution: tatoeba.org #3171854 (CK) & #6686429 (arh)	https://creativecommons.org/licenses/by/2.0/fr/
949	1034	4940524	Francisco_M	https://tatoeba.org/en/sentences/show/4940524	1231218	fengli	https://tatoeba.org/en/sentences/show/1231218	CC-BY 2.0 (France) Attribution: tatoeba.org #1231218 (fengli) & #4940524 (Francisco_M)	https://creativecommons.org/licenses/by/2.0/fr/
950	1035	4940527	Francisco_M	https://tatoeba.org/en/sentences/show/4940527	1231218	fengli	https://tatoeba.org/en/sentences/show/1231218	CC-BY 2.0 (France) Attribution: tatoeba.org #1231218 (fengli) & #4940527 (Francisco_M)	https://creativecommons.org/licenses/by/2.0/fr/
951	1036	7934206	Seael	https://tatoeba.org/en/sentences/show/7934206	1231218	fengli	https://tatoeba.org/en/sentences/show/1231218	CC-BY 2.0 (France) Attribution: tatoeba.org #1231218 (fengli) & #7934206 (Seael)	https://creativecommons.org/licenses/by/2.0/fr/
952	1037	7934207	Seael	https://tatoeba.org/en/sentences/show/7934207	1231218	fengli	https://tatoeba.org/en/sentences/show/1231218	CC-BY 2.0 (France) Attribution: tatoeba.org #1231218 (fengli) & #7934207 (Seael)	https://creativecommons.org/licenses/by/2.0/fr/
953	1038	4505706	cueyayotl	https://tatoeba.org/en/sentences/show/4505706	1098659	cntrational	https://tatoeba.org/en/sentences/show/1098659	CC-BY 2.0 (France) Attribution: tatoeba.org #1098659 (cntrational) & #4505706 (cueyayotl)	https://creativecommons.org/licenses/by/2.0/fr/
954	1039	4505707	cueyayotl	https://tatoeba.org/en/sentences/show/4505707	1098659	cntrational	https://tatoeba.org/en/sentences/show/1098659	CC-BY 2.0 (France) Attribution: tatoeba.org #1098659 (cntrational) & #4505707 (cueyayotl)	https://creativecommons.org/licenses/by/2.0/fr/
955	1040	4505708	cueyayotl	https://tatoeba.org/en/sentences/show/4505708	1098659	cntrational	https://tatoeba.org/en/sentences/show/1098659	CC-BY 2.0 (France) Attribution: tatoeba.org #1098659 (cntrational) & #4505708 (cueyayotl)	https://creativecommons.org/licenses/by/2.0/fr/
956	1041	4505709	cueyayotl	https://tatoeba.org/en/sentences/show/4505709	1098659	cntrational	https://tatoeba.org/en/sentences/show/1098659	CC-BY 2.0 (France) Attribution: tatoeba.org #1098659 (cntrational) & #4505709 (cueyayotl)	https://creativecommons.org/licenses/by/2.0/fr/
957	1042	7276515	arh	https://tatoeba.org/en/sentences/show/7276515	10132207	Shishir	https://tatoeba.org/en/sentences/show/10132207	CC-BY 2.0 (France) Attribution: tatoeba.org #10132207 (Shishir) & #7276515 (arh)	https://creativecommons.org/licenses/by/2.0/fr/
958	1043	2151077	hayastan	https://tatoeba.org/en/sentences/show/2151077	2111563	CK	https://tatoeba.org/en/sentences/show/2111563	CC-BY 2.0 (France) Attribution: tatoeba.org #2111563 (CK) & #2151077 (hayastan)	https://creativecommons.org/licenses/by/2.0/fr/
959	1044	1859967	Shishir	https://tatoeba.org/en/sentences/show/1859967	328870	fcbond	https://tatoeba.org/en/sentences/show/328870	CC-BY 2.0 (France) Attribution: tatoeba.org #328870 (fcbond) & #1859967 (Shishir)	https://creativecommons.org/licenses/by/2.0/fr/
960	1045	329993	Shishir	https://tatoeba.org/en/sentences/show/329993	273621	CM	https://tatoeba.org/en/sentences/show/273621	CC-BY 2.0 (France) Attribution: tatoeba.org #273621 (CM) & #329993 (Shishir)	https://creativecommons.org/licenses/by/2.0/fr/
961	1046	398251	mane	https://tatoeba.org/en/sentences/show/398251	273621	CM	https://tatoeba.org/en/sentences/show/273621	CC-BY 2.0 (France) Attribution: tatoeba.org #273621 (CM) & #398251 (mane)	https://creativecommons.org/licenses/by/2.0/fr/
962	1047	4557405	swyter	https://tatoeba.org/en/sentences/show/4557405	2111558	CK	https://tatoeba.org/en/sentences/show/2111558	CC-BY 2.0 (France) Attribution: tatoeba.org #2111558 (CK) & #4557405 (swyter)	https://creativecommons.org/licenses/by/2.0/fr/
963	1048	4557407	swyter	https://tatoeba.org/en/sentences/show/4557407	2111558	CK	https://tatoeba.org/en/sentences/show/2111558	CC-BY 2.0 (France) Attribution: tatoeba.org #2111558 (CK) & #4557407 (swyter)	https://creativecommons.org/licenses/by/2.0/fr/
964	1049	4557410	swyter	https://tatoeba.org/en/sentences/show/4557410	2111558	CK	https://tatoeba.org/en/sentences/show/2111558	CC-BY 2.0 (France) Attribution: tatoeba.org #2111558 (CK) & #4557410 (swyter)	https://creativecommons.org/licenses/by/2.0/fr/
965	1050	4557423	swyter	https://tatoeba.org/en/sentences/show/4557423	2111558	CK	https://tatoeba.org/en/sentences/show/2111558	CC-BY 2.0 (France) Attribution: tatoeba.org #2111558 (CK) & #4557423 (swyter)	https://creativecommons.org/licenses/by/2.0/fr/
966	1051	4557426	swyter	https://tatoeba.org/en/sentences/show/4557426	2111558	CK	https://tatoeba.org/en/sentences/show/2111558	CC-BY 2.0 (France) Attribution: tatoeba.org #2111558 (CK) & #4557426 (swyter)	https://creativecommons.org/licenses/by/2.0/fr/
967	1053	1248455	Shishir	https://tatoeba.org/en/sentences/show/1248455	309976	CK	https://tatoeba.org/en/sentences/show/309976	CC-BY 2.0 (France) Attribution: tatoeba.org #309976 (CK) & #1248455 (Shishir)	https://creativecommons.org/licenses/by/2.0/fr/
968	1054	1291657	Shishir	https://tatoeba.org/en/sentences/show/1291657	309976	CK	https://tatoeba.org/en/sentences/show/309976	CC-BY 2.0 (France) Attribution: tatoeba.org #309976 (CK) & #1291657 (Shishir)	https://creativecommons.org/licenses/by/2.0/fr/
969	1055	1198482	cueyayotl	https://tatoeba.org/en/sentences/show/1198482	316925	CK	https://tatoeba.org/en/sentences/show/316925	CC-BY 2.0 (France) Attribution: tatoeba.org #316925 (CK) & #1198482 (cueyayotl)	https://creativecommons.org/licenses/by/2.0/fr/
970	1056	1291659	Shishir	https://tatoeba.org/en/sentences/show/1291659	316925	CK	https://tatoeba.org/en/sentences/show/316925	CC-BY 2.0 (France) Attribution: tatoeba.org #316925 (CK) & #1291659 (Shishir)	https://creativecommons.org/licenses/by/2.0/fr/
971	1057	1291660	Shishir	https://tatoeba.org/en/sentences/show/1291660	316925	CK	https://tatoeba.org/en/sentences/show/316925	CC-BY 2.0 (France) Attribution: tatoeba.org #316925 (CK) & #1291660 (Shishir)	https://creativecommons.org/licenses/by/2.0/fr/
972	1058	1928061	marcelostockle	https://tatoeba.org/en/sentences/show/1928061	1629767	Spamster	https://tatoeba.org/en/sentences/show/1629767	CC-BY 2.0 (France) Attribution: tatoeba.org #1629767 (Spamster) & #1928061 (marcelostockle)	https://creativecommons.org/licenses/by/2.0/fr/
973	1059	2694760	cueyayotl	https://tatoeba.org/en/sentences/show/2694760	1629767	Spamster	https://tatoeba.org/en/sentences/show/1629767	CC-BY 2.0 (France) Attribution: tatoeba.org #1629767 (Spamster) & #2694760 (cueyayotl)	https://creativecommons.org/licenses/by/2.0/fr/
974	1060	4555053	swyter	https://tatoeba.org/en/sentences/show/4555053	1629767	Spamster	https://tatoeba.org/en/sentences/show/1629767	CC-BY 2.0 (France) Attribution: tatoeba.org #1629767 (Spamster) & #4555053 (swyter)	https://creativecommons.org/licenses/by/2.0/fr/
975	1061	4555059	swyter	https://tatoeba.org/en/sentences/show/4555059	1629767	Spamster	https://tatoeba.org/en/sentences/show/1629767	CC-BY 2.0 (France) Attribution: tatoeba.org #1629767 (Spamster) & #4555059 (swyter)	https://creativecommons.org/licenses/by/2.0/fr/
976	1062	4555063	swyter	https://tatoeba.org/en/sentences/show/4555063	1629767	Spamster	https://tatoeba.org/en/sentences/show/1629767	CC-BY 2.0 (France) Attribution: tatoeba.org #1629767 (Spamster) & #4555063 (swyter)	https://creativecommons.org/licenses/by/2.0/fr/
977	1063	1527037	marcelostockle	https://tatoeba.org/en/sentences/show/1527037	1526517	pauldhunt	https://tatoeba.org/en/sentences/show/1526517	CC-BY 2.0 (France) Attribution: tatoeba.org #1526517 (pauldhunt) & #1527037 (marcelostockle)	https://creativecommons.org/licenses/by/2.0/fr/
978	1064	4506038	cueyayotl	https://tatoeba.org/en/sentences/show/4506038	2111555	CK	https://tatoeba.org/en/sentences/show/2111555	CC-BY 2.0 (France) Attribution: tatoeba.org #2111555 (CK) & #4506038 (cueyayotl)	https://creativecommons.org/licenses/by/2.0/fr/
979	1065	4506039	cueyayotl	https://tatoeba.org/en/sentences/show/4506039	2111555	CK	https://tatoeba.org/en/sentences/show/2111555	CC-BY 2.0 (France) Attribution: tatoeba.org #2111555 (CK) & #4506039 (cueyayotl)	https://creativecommons.org/licenses/by/2.0/fr/
980	1066	4506040	cueyayotl	https://tatoeba.org/en/sentences/show/4506040	2111555	CK	https://tatoeba.org/en/sentences/show/2111555	CC-BY 2.0 (France) Attribution: tatoeba.org #2111555 (CK) & #4506040 (cueyayotl)	https://creativecommons.org/licenses/by/2.0/fr/
981	1067	4506041	cueyayotl	https://tatoeba.org/en/sentences/show/4506041	2111555	CK	https://tatoeba.org/en/sentences/show/2111555	CC-BY 2.0 (France) Attribution: tatoeba.org #2111555 (CK) & #4506041 (cueyayotl)	https://creativecommons.org/licenses/by/2.0/fr/
982	1068	4506043	cueyayotl	https://tatoeba.org/en/sentences/show/4506043	2111555	CK	https://tatoeba.org/en/sentences/show/2111555	CC-BY 2.0 (France) Attribution: tatoeba.org #2111555 (CK) & #4506043 (cueyayotl)	https://creativecommons.org/licenses/by/2.0/fr/
983	1069	4557395	swyter	https://tatoeba.org/en/sentences/show/4557395	2111552	CK	https://tatoeba.org/en/sentences/show/2111552	CC-BY 2.0 (France) Attribution: tatoeba.org #2111552 (CK) & #4557395 (swyter)	https://creativecommons.org/licenses/by/2.0/fr/
984	1070	4557399	swyter	https://tatoeba.org/en/sentences/show/4557399	2111552	CK	https://tatoeba.org/en/sentences/show/2111552	CC-BY 2.0 (France) Attribution: tatoeba.org #2111552 (CK) & #4557399 (swyter)	https://creativecommons.org/licenses/by/2.0/fr/
985	1071	1519036	hayastan	https://tatoeba.org/en/sentences/show/1519036	2111551	CK	https://tatoeba.org/en/sentences/show/2111551	CC-BY 2.0 (France) Attribution: tatoeba.org #2111551 (CK) & #1519036 (hayastan)	https://creativecommons.org/licenses/by/2.0/fr/
986	1072	5769260	arh	https://tatoeba.org/en/sentences/show/5769260	40196	CM	https://tatoeba.org/en/sentences/show/40196	CC-BY 2.0 (France) Attribution: tatoeba.org #40196 (CM) & #5769260 (arh)	https://creativecommons.org/licenses/by/2.0/fr/
987	1073	4557350	swyter	https://tatoeba.org/en/sentences/show/4557350	2187252	CK	https://tatoeba.org/en/sentences/show/2187252	CC-BY 2.0 (France) Attribution: tatoeba.org #2187252 (CK) & #4557350 (swyter)	https://creativecommons.org/licenses/by/2.0/fr/
988	1074	4557583	swyter	https://tatoeba.org/en/sentences/show/4557583	2187252	CK	https://tatoeba.org/en/sentences/show/2187252	CC-BY 2.0 (France) Attribution: tatoeba.org #2187252 (CK) & #4557583 (swyter)	https://creativecommons.org/licenses/by/2.0/fr/
989	1076	4557362	swyter	https://tatoeba.org/en/sentences/show/4557362	2111516	CK	https://tatoeba.org/en/sentences/show/2111516	CC-BY 2.0 (France) Attribution: tatoeba.org #2111516 (CK) & #4557362 (swyter)	https://creativecommons.org/licenses/by/2.0/fr/
990	1077	1234916	Shishir	https://tatoeba.org/en/sentences/show/1234916	788304	hrin	https://tatoeba.org/en/sentences/show/788304	CC-BY 2.0 (France) Attribution: tatoeba.org #788304 (hrin) & #1234916 (Shishir)	https://creativecommons.org/licenses/by/2.0/fr/
991	1079	5053609	don_ramon	https://tatoeba.org/en/sentences/show/5053609	788304	hrin	https://tatoeba.org/en/sentences/show/788304	CC-BY 2.0 (France) Attribution: tatoeba.org #788304 (hrin) & #5053609 (don_ramon)	https://creativecommons.org/licenses/by/2.0/fr/
992	1080	2151088	hayastan	https://tatoeba.org/en/sentences/show/2151088	2111512	CK	https://tatoeba.org/en/sentences/show/2111512	CC-BY 2.0 (France) Attribution: tatoeba.org #2111512 (CK) & #2151088 (hayastan)	https://creativecommons.org/licenses/by/2.0/fr/
993	1081	1317723	Shishir	https://tatoeba.org/en/sentences/show/1317723	8624434	Adelpa	https://tatoeba.org/en/sentences/show/8624434	CC-BY 2.0 (France) Attribution: tatoeba.org #8624434 (Adelpa) & #1317723 (Shishir)	https://creativecommons.org/licenses/by/2.0/fr/
994	1082	7027698	Schuager	https://tatoeba.org/en/sentences/show/7027698	275014	CM	https://tatoeba.org/en/sentences/show/275014	CC-BY 2.0 (France) Attribution: tatoeba.org #275014 (CM) & #7027698 (Schuager)	https://creativecommons.org/licenses/by/2.0/fr/
995	1083	4557154	swyter	https://tatoeba.org/en/sentences/show/4557154	1553393	CK	https://tatoeba.org/en/sentences/show/1553393	CC-BY 2.0 (France) Attribution: tatoeba.org #1553393 (CK) & #4557154 (swyter)	https://creativecommons.org/licenses/by/2.0/fr/
996	1084	3048260	hayastan	https://tatoeba.org/en/sentences/show/3048260	2111500	CK	https://tatoeba.org/en/sentences/show/2111500	CC-BY 2.0 (France) Attribution: tatoeba.org #2111500 (CK) & #3048260 (hayastan)	https://creativecommons.org/licenses/by/2.0/fr/
997	1085	6675133	arh	https://tatoeba.org/en/sentences/show/6675133	2111500	CK	https://tatoeba.org/en/sentences/show/2111500	CC-BY 2.0 (France) Attribution: tatoeba.org #2111500 (CK) & #6675133 (arh)	https://creativecommons.org/licenses/by/2.0/fr/
998	1086	6675135	arh	https://tatoeba.org/en/sentences/show/6675135	2111500	CK	https://tatoeba.org/en/sentences/show/2111500	CC-BY 2.0 (France) Attribution: tatoeba.org #2111500 (CK) & #6675135 (arh)	https://creativecommons.org/licenses/by/2.0/fr/
999	1087	6675138	arh	https://tatoeba.org/en/sentences/show/6675138	2111500	CK	https://tatoeba.org/en/sentences/show/2111500	CC-BY 2.0 (France) Attribution: tatoeba.org #2111500 (CK) & #6675138 (arh)	https://creativecommons.org/licenses/by/2.0/fr/
1000	1088	6675140	arh	https://tatoeba.org/en/sentences/show/6675140	2111500	CK	https://tatoeba.org/en/sentences/show/2111500	CC-BY 2.0 (France) Attribution: tatoeba.org #2111500 (CK) & #6675140 (arh)	https://creativecommons.org/licenses/by/2.0/fr/
